|['3536847', '3536846', '3536845', '3536844', '3536842', '3536841', '3536840', '3536839', '3536838', '3536837', '3536836', '3536835', '3536834', '3536833', '3536832', '3536831', '3536829', '3536828', '3536827', '3536826', '3536825', '3536824', '3536823', '3536822', '3536821', '3536820', '3536818', '3536816', '3536815', '3536814', '3536813', '3536812', '3536811', '3536810', '3536809', '3536808', '3536807', '3536806', '3536805', '3536803', '3536802', '3536801', '3536800', '3536798', '3536797']| |['(속보) 정부 가상화폐 거래소 폐지 오늘 6시 최종 결론 말할 것이다.[1]\n', '아 ㅅㅂ 맨날 말로만 준다준다 하고 .\n', 'ㅎㅎ 지금 판애들 머냐 ㅎㅎ\n', '데드캣이다\n', '뭔 시발 공매도생김?\n', '퍼래지기 시작한다 튀어라\n', '시발 아다 1050 층 이다 살려주라 \n', '딱 7명 구제한다.  댓글 달아라.  행운의 숫자 7 .sex[28]\n', '이오스 그는..\n', '아 병싄 단타충들 이오스 겨우 벽뚫했는데 다시 벽치자나\n', '지금 쫄아서 내리는 스타킹 없제[1]\n', '이오스는 진짜\n', '방금 10만원 넣고 장난질 쳐볼랬더니 입금 막혀버렸다고~이눔들아 도망가라\n', '아다5원치기 20번하고간다 ㅋㅋㅋㅋ\n', '@@저점잡는타이밍,,떡락할때 갑자기 대량매수건이 들어가면 그 전후가 저점\n', '이거 할인 이벤트임 빨리 주워 ㅋㅋㅋㅋㅋㅋㅋㅋㅋㅋㅋㅋㅋㅋㅋㅋㅋㅋㅋ\n', 'ㅄ 호구들 또 선동당했네\n', '뉴스나온다\n', '앞으로 비트코인으로 밥먹을거다 주소 남긴다[1]\n', 'ㅅㅂ놈들떡상이라해서 하...\n', '니들 모르냐? 이제 기사도 김프보면서간다\n', '매도오류 이거좀 없애라\n', '오늘 한강물 얼었나요??\n', '자알 빠진다\n', '리플 저점 가즈아~\n', '근데 은행들 특별검사에 뭐 나온거 없나 금융위가 조용하네\n', '개미털고~\n', 'ㅋㅋㅋ 나도 기자되고싶다\n', '아 념글 더럽잔아 새끼들아 적당히 싸질러\n', '내가볼떄 해외머장 뒤질것같음\n', 'ㅅㅂ 머큐리 갑자기 떡상하는데 풀매해야 해요???\n', '야 진짜 떡락하는 중이다 빨리ㅌㅌㅌㅌㅌ\n', '순식간에 다 파란불 ㅋㅋㅋㅋㅋ\n', 'ㅅㅂ지금엔엑을왜사냐 스냅샷끝낫는데\n', '"멍청하고 부지런한 윗사람은 최대한 빨리 제거해야 한다"\n', '해외 머장 아직 굳건하다, 팔지마라. \n', '추불할까 고민되는 시점에 나가봐야하네...아 시간없는데 이거\n', '리플 빤스 꽉 붙들어매라잉~?\n', '비트 1억 가쯔아\n', '존버는 언제나 승리한다[1]\n', '이오스 떡락 ㅋㅋㅋㅋㅋㅋㅋㅋ 사지말라니깐[2]\n', '아까 글올렸는데 다들 내렸나\n', '버거일어났냐?????\n', '돈 필요한새끼 있냐?[1]\n', '헐... 이오스 김프가 겨우 6% 실화냐?????\n']| |['439', '26', '123', '35', '70', '33', '37', '150', '133', '84', '81', '135', '82', '148', '80', '64', '113', '127', '132', '73', '46', '9', '34', '17', '32', '42', '47', '43', '120', '53', '85', '68', '56', '75', '40', '52', '11', '50', '56', '284', '185', '40', '36', '81', '82']| |['0', '0', '0', '0', '0', '0', '0', '4', '0', '0', '0', '0', '0', '0', '0', '0', '0', '0', '0', '0', '0', '0', '0', '0', '0', '0', '0', '0', '0', '0', '0', '0', '0', '0', '1', '0', '0', '0', '0', '0', '0', '0', '0', '0', '0']| |['2018.01.12 16:52:03', '2018.01.12 16:52:03', '2018.01.12 16:52:00', '2018.01.12 16:51:59', '2018.01.12 16:51:58', '2018.01.12 16:51:57', '2018.01.12 16:51:55', '2018.01.12 16:51:55', '2018.01.12 16:51:52', '2018.01.12 16:51:52', '2018.01.12 16:51:50', '2018.01.12 16:51:49', '2018.01.12 16:51:49', '2018.01.12 16:51:47', '2018.01.12 16:51:47', '2018.01.12 16:51:47', '2018.01.12 16:51:46', '2018.01.12 16:51:46', '2018.01.12 16:51:46', '2018.01.12 16:51:46', '2018.01.12 16:51:45', '2018.01.12 16:51:45', '2018.01.12 16:51:45', '2018.01.12 16:51:44', '2018.01.12 16:51:44', '2018.01.12 16:51:42', '2018.01.12 16:51:40', '2018.01.12 16:51:38', '2018.01.12 16:51:37', '2018.01.12 16:51:36', '2018.01.12 16:51:36', '2018.01.12 16:51:36', '2018.01.12 16:51:32', '2018.01.12 16:51:36', '2018.01.12 16:51:34', '2018.01.12 16:51:32', '2018.01.12 16:51:31', '2018.01.12 16:51:30', '2018.01.12 16:51:29', '2018.01.12 16:51:28', '2018.01.12 16:51:26', '2018.01.12 16:51:26', '2018.01.12 16:51:24', '2018.01.12 16:51:21', '2018.01.12 16:51:22']|
|['3536797', '3536795', '3536794', '3536792', '3536791', '3536790', '3536788', '3536787', '3536785', '3536783', '3536782', '3536781', '3536780', '3536779', '3536778', '3536777', '3536776', '3536775', '3536774', '3536773', '3536772', '3536771', '3536770', '3536769', '3536768', '3536767', '3536766', '3536765', '3536764', '3536763', '3536762', '3536761', '3536760', '3536759', '3536758', '3536757', '3536756', '3536755', '3536754', '3536752', '3536751', '3536750', '3536749', '3536748', '3536747']| |['헐... 이오스 김프가 겨우 6% 실화냐?????\n', '스텔라 995에 팔았기 망정이지 \n', '리플 42층에 29층 추매했더니 떨어진다... 미치겠다[2]\n', '버거형들 던지는거 아님??\n', '음 커피값만 벌어도 존나 감사해했는데 큰돈쓰는애들은 어쩌냐..\n', '와~~~시발 순식간에 떡상에서 도루아미타불 떡락이네...냄시존내난다...\n', '슨트 얼마에 다시 주울까[1]\n', '분명히 얘기했다\n', '하락장인 이유\n', '아 씨발 존나 좆같네\n', '해외 거래소는 어떻게 이용함?[5]\n', '지금 하락장인 이유 간단하짘ㅋㅋㅋ\n', '몇분전에 머장 2천에 삿는데\n', '와 진짜 흑형 자지만한 거대음봉 쑤욱하나 박히고 ㅋㅋㅋㅋ\n', '이오스는보면 참 재밌는코인이야\n', '계좌 인증[2]\n', '너네 쫄보라 못사서 어쩌냐 ㅋㅋㅋㅋㅋㅋ 팩트체크 오늘자기사\n', '아니 내가진짜 니들 망할까봐 도배하는데 차단이니뭐니 욕하냐..저번주도[1]\n', '조졌네 단타치다가 아다 1070에 물렸다[1]\n', '망했따리~ 신규 이제 없따리~ 계좌도 다 없앤따리~\n', '딱2명만 만원씩쏜다[10]\n', '뭐 떡락무새라고? 진짜 패닉셀임 ㅋㅋㅋㅋㅋㅋㅋㅋㅋㅋㅋㅋㅋㅋㅋㅋㅋㅋㅋㅋㅋㅋ\n', '출금완료한자의여유\n', '디센트럴랜드[1]\n', '집권2년차 자존심때문이라도 끝까지간다ㅋㅋ[1]\n', '이오스 세력봇 특징 하나 잡았다 필독\n', '슨트 타라 슨트 더 오르겠다\n', '갓더리움 찬양하라[2]\n', '이번에 끝장같다 정책이 아닌 은행권 자율로 제재하면 끝이지 ㅋㅋ\n', '이오스 든든\n', '주워 ㅅ1발 마지막 주말 기회야 ㅋㅋㅋㅋㅋㅋㅋㅋㅋㅋㅋㅋㅋㅋㅋㅋ\n', '한화의 김성근~감독님 사랑해♡\n', '리플아 너 그런 놈 아니었잖아?\n', '이오스흑우들에게서 형광등에 달려드는 불나방이 연상된다\n', '와 ㅅㅂ 이그니스 가격 무슨 10달러냐 ;\n', '비트 빤스런 존나 빠르넼ㅋㅋㅋㅋ\n', '재앙이 십새끼가 외국인거래 풀기전에는\n', '단독) 가상화폐거래 정부안대로 사실상 중단\n', '빗갤은 어떻게 하이애나처럼 서로 잡아먹으려고 그러냐?\n', '하 시... 바.. 상승장이라메... 리플 2900에 또 물렸네 ..[1]\n', '다튀어라 ㅋㅋㅋㅋㅋㅋㅋㅋㅋㅋㅋㅋㅋㅋㅋㅋㅋㅋㅋㅋㅋㅋㅋㅋㅋㅋ\n', '리플 빤스런 속돜ㅋㅋㅋㅋㅋㅋㅋㅋㅋㅋㅋㅋㅋㅋㅋㅋㅋㅋㅋㅋㅋㅋㅋ\n', '이오스 마지막 기회다 \n', '대장 폭포쇼 시전 ㅋㅋㅋㅋㅋㅋㅋㅋㅋㅋㅋㅋㅋㅋㅋㅋㅋㅋㅋㅋㅋㅋㅋㅋ\n', '크립토와치 말고 다른데 없냐\n']| |['82', '176', '126', '28', '40', '223', '101', '111', '156', '106', '144', '287', '130', '125', '126', '253', '290', '48', '82', '87', '63', '140', '81', '69', '197', '151', '69', '177', '81', '46', '249', '42', '55', '43', '537', '50', '33', '512', '12', '126', '86', '113', '99', '119', '85']| |['0', '0', '0', '0', '0', '0', '0', '0', '0', '0', '0', '0', '1', '0', '0', '0', '0', '0', '0', '0', '1', '0', '0', '0', '0', '0', '0', '0', '0', '0', '0', '0', '0', '0', '0', '0', '0', '1', '0', '0', '0', '0', '0', '0', '0']| |['2018.01.12 16:51:22', '2018.01.12 16:51:21', '2018.01.12 16:51:19', '2018.01.12 16:51:18', '2018.01.12 16:51:19', '2018.01.12 16:51:17', '2018.01.12 16:51:14', '2018.01.12 16:51:13', '2018.01.12 16:51:12', '2018.01.12 16:51:11', '2018.01.12 16:51:12', '2018.01.12 16:51:10', '2018.01.12 16:51:06', '2018.01.12 16:51:05', '2018.01.12 16:51:05', '2018.01.12 16:51:04', '2018.01.12 16:51:00', '2018.01.12 16:51:00', '2018.01.12 16:50:59', '2018.01.12 16:50:58', '2018.01.12 16:50:57', '2018.01.12 16:50:56', '2018.01.12 16:50:56', '2018.01.12 16:50:56', '2018.01.12 16:50:55', '2018.01.12 16:50:54', '2018.01.12 16:50:51', '2018.01.12 16:50:50', '2018.01.12 16:50:51', '2018.01.12 16:50:50', '2018.01.12 16:50:50', '2018.01.12 16:50:49', '2018.01.12 16:50:48', '2018.01.12 16:50:48', '2018.01.12 16:50:47', '2018.01.12 16:50:46', '2018.01.12 16:50:46', '2018.01.12 16:50:46', '2018.01.12 16:50:46', '2018.01.12 16:50:41', '2018.01.12 16:50:39', '2018.01.12 16:50:39', '2018.01.12 16:50:38', '2018.01.12 16:50:38', '2018.01.12 16:50:36']|
|['3536746', '3536745', '3536744', '3536743', '3536742', '3536741', '3536740', '3536739', '3536738', '3536737', '3536736', '3536735', '3536734', '3536732', '3536731', '3536729', '3536728', '3536727', '3536726', '3536725', '3536724', '3536722', '3536720', '3536719', '3536718', '3536717', '3536716', '3536713', '3536711', '3536710', '3536709', '3536707', '3536706', '3536703', '3536702', '3536701', '3536700', '3536699', '3536698', '3536697', '3536696', '3536695', '3536694', '3536693', '3536692']| |['지금 신규되는곳중에 할만한곳 고팍스뿐임?[1]\n', '아니 15일부터 그럼 종멸이냐\n', '파파 파란맛 궁금해 허니~\n', '이새끼들은 학습능력이 제로냐? ㅋㅋㅋㅋ\n', '와 씹 빤스런 속도 실화냐?\n', '병신들아 이오스 홍보질 작작해\n', '안전벨트매세요\n', '떡락 던져라 ㅋㅋㅋㅋㅋㅋ\n', '형님들 흙두루미 입니다 보세요\n', '슨트 내가 뭐랬냐 튀라고 했자나 ㅋㅋㅋㅋㅋㅋㅋㅋㅋㅋㅋㅋ 개씹뜨억락 중이다[3]\n', '해외머장 지옥가즈아 ㅋㅋㅋㅋㅋㅋㅋㅋㅋㅋㅋㅋㅋㅋ\n', '슨트 내가 뭐랬냐 튀라고 했자나 ㅋㅋㅋㅋㅋㅋㅋㅋㅋㅋㅋㅋ 개씹뜨억락 중이다\n', '비둘기 찬양하라 비둘기형님 도와주십소. 비트계좌 적겠습니다\n', '입벌려 코인들어간드앗 ㅋㅋㅋㅋㅋㅋㅋㅋ\n', '이오스 해외차트만 떡상하노[1]\n', '아우떡락충 토악질나오네\n', '좆됫다진짜 42분뉴스다 가상화폐거래소접속차단[4]\n', '선착 3명 10만원구제[9]\n', '정부의 방침은 확고한데 무슨 미련이 그리 많냐\n', '단타들ㅈ선동에 이렇게 잘넘어가냐 ㅋㅋ\n', '에이다 머큐리 오늘 저녁에 1100찍는다 ㅎㅎ\n', '문재인 사랑해요!!!\n', '애들아 제발...낚시기사에 혼동되지말고 기사있더라도 내용 끝까지봐라\n', '씨발 뭔가 터진거같다[17]\n', '일단 외국 거래소로 다 옮기니까 맘 편하긴 하다\n', '아니 지금 타고있다가 김프폭발 맞으면 어쩔려고 ㅋㅋㅋㅋㅋ\n', '이오스 세력이 누르고 매집후 다시달리고냐 아니면 세력끼리 붙었냐 \n', '오늘 3만원으로 처음 시작해봤는데 3000원 땄네욤.[2]\n', '빤스런ㅋㅋㅋㅋㅋㅋㄱ\n', '김프 30퍼 실화냐? ㄷㄷㄷㄷㄷㄷㄷㄷㄷ 튀어 ㄷㄷㄷㄷㄷㄷㄷㄷㄷㄷㄷ\n', '이오스김프 ㅅㅂㅋㅋㅋㄱㅋ\n', '☆☆☆☆☆☆☆☆상기 상폐가자☆☆☆☆☆☆☆\n', '고팍스 스텔라 탈출해야되는거아니냐?\n', '진짜 일희일비 하는새끼들은 왜 코인판에 와서 지랄이냐ㅐ.\n', '무너진다!!!!!!! 퇴각하라\n', '해외 존나던진다 씻팔 튀어라 빨리\n', '빨리 빤스런해 새끼덜아ㅋㅋㅋㅋㅋㅋㅋㄱㅋㅋ\n', '너넨 당해도싸 왠줄아냐 말해줘도 거품처물은죄\n', '구조대 형들 5시 칼퇴근이냐?\n', '떡락이다 애들아 꽉 잡아!\n', '엠비엔가상화폐관련뉴스나온단다\n', '지금 하락장인 이유가 머야?[2]\n', '제발...1분봉 보고 떡락이라고 하지 말아줄래?[1]\n', '이오스 김프 5% 실화냐 ㅋㅋㅋㅋㅋㅋㅋㅋㅋㅋㅋㅋ\n', '답은 이오스\n']| |['166', '133', '16', '116', '64', '126', '36', '36', '30', '145', '41', '24', '22', '94', '71', '23', '525', '71', '102', '73', '54', '76', '100', '750', '67', '26', '77', '155', '17', '40', '60', '42', '163', '34', '38', '90', '63', '30', '21', '45', '99', '189', '66', '93', '71']| |['0', '0', '0', '0', '0', '0', '0', '0', '0', '0', '0', '0', '0', '0', '0', '0', '0', '0', '2', '0', '0', '2', '0', '4', '0', '0', '0', '0', '0', '0', '0', '0', '0', '0', '0', '0', '0', '0', '0', '0', '0', '0', '0', '0', '0']| |['2018.01.12 16:50:34', '2018.01.12 16:50:34', '2018.01.12 16:50:34', '2018.01.12 16:50:33', '2018.01.12 16:50:33', '2018.01.12 16:50:31', '2018.01.12 16:50:31', '2018.01.12 16:50:30', '2018.01.12 16:50:29', '2018.01.12 16:50:29', '2018.01.12 16:50:28', '2018.01.12 16:50:28', '2018.01.12 16:50:26', '2018.01.12 16:50:25', '2018.01.12 16:50:26', '2018.01.12 16:50:24', '2018.01.12 16:50:22', '2018.01.12 16:50:20', '2018.01.12 16:50:15', '2018.01.12 16:50:13', '2018.01.12 16:50:13', '2018.01.12 16:50:12', '2018.01.12 16:50:12', '2018.01.12 16:50:11', '2018.01.12 16:50:11', '2018.01.12 16:50:08', '2018.01.12 16:50:09', '2018.01.12 16:50:06', '2018.01.12 16:50:04', '2018.01.12 16:50:03', '2018.01.12 16:50:03', '2018.01.12 16:50:02', '2018.01.12 16:50:01', '2018.01.12 16:49:59', '2018.01.12 16:49:58', '2018.01.12 16:49:57', '2018.01.12 16:49:55', '2018.01.12 16:49:55', '2018.01.12 16:49:53', '2018.01.12 16:49:51', '2018.01.12 16:49:49', '2018.01.12 16:49:49', '2018.01.12 16:49:47', '2018.01.12 16:49:47', '2018.01.12 16:49:45']|
|['3536691', '3536690', '3536689', '3536688', '3536687', '3536686', '3536685', '3536684', '3536681', '3536680', '3536679', '3536678', '3536677', '3536676', '3536673', '3536672', '3536671', '3536670', '3536669', '3536668', '3536667', '3536666', '3536665', '3536664', '3536663', '3536661', '3536660', '3536659', '3536658', '3536657', '3536656', '3536655', '3536654', '3536653', '3536650', '3536649', '3536648', '3536647', '3536646', '3536645', '3536644', '3536643', '3536642', '3536641', '3536640']| |['내가 뭐랬냐 흑두루미들아 ㅋㅋㅋㅋ\n', '지금 이 시각 가장 한심한 ㅅㄲ[1]\n', '빗썸 이오스 기사 개미털기 ㅆㅅㅌㅊ[1]\n', '응~ 아이젝 8200 사토시 개 꿀~ 응 2주안되서 5배 먹었어~[3]\n', 'ㅋㅋㅋ 2시간 오른거 10분만에 빠지네 ㅋㅋㅋㅋㅋ\n', '[크립토피아] 오늘의 급등 예상 코인 추천 (CAR) 분석[1]\n', '진짜 빨리 빼세요. 이제 절대 안오릅니다.[3]\n', '시중은행, 가상화폐 실명확인 계좌 도입 철회…기존 계좌도 정리[1]\n', '와 이오스 15000에 다시 들어감 ㅋㅋ[2]\n', '형님들 좃됐습니다. 기사 떴습니다.[1]\n', '앞으로 입금 출금 제재하면  망한 시장되냐\n', '엊그제 폭락장세 만들어 살해위협까지 받는데[1]\n', '버거 떡락 ㅋㅋㅋㅋㅋㅋㅋㅋ다 튀어라 ㅋㅋㅋㅋㅋㅋㅋㅋㅋㅋㅋㅋ\n', '이오스 2월1일 3만원 ㅇㅈ?[1]\n', '비트코인 공부하게 요약본줘바[1]\n', '난 다 털었다... 그래도 100만원 시작해서 100억 정도 벌었음[4]\n', '이오스 김프 좀 심한거 아니냐 [1]\n', '4천잃고 200남앗네[5]\n', '1분봉이 단타 치기 좋긴한데 음봉 너무 박히는거 보면 속이 답답해짐 ㅋㅋ\n', '아씨발 아다 물렸네\n', '20분째 매도체결안되고 미체결에 남아있는데 어캄?[3]\n', '그분이 오신다 잘봐라\n', '이오스 어서 타세요 김프 16%\n', '이번 패닉셀로 14억을 벌었다..[5]\n', '근데 차라리 문재인이 코인판 막는게 낫지 않냐?\n', '추천)후착순 10명 만원간다[15]\n', '엌ㅋㅋㅋㅋ 해외머장 떡락시작함  이오스빤스런~!\n', '떡락장이다 튀엇ㅋㅋㅋㅋㅋ 이미 튀었나? ㅋㅋㅋㅋ\n', '야 힘든새기들 봐라\n', '[속보] 법무부장관 아내, 불법건물로 임대 수익[6]\n', '이오스 해외시세 또 올랐다[1]\n', '지금 사도되냐? 좀 내려간것같은데\n', '진짜 떡락무새들 ㅅ ㅂ것 안볼려면 그냥 갤하지마세요 \n', '코인 구조대 퇴근각 재는중 ㅋㅋㅋㅋㅋㅋㅋㅋㅋㅋㅋㅋㅋㅋㅋ\n', '튀어\n', '분명 이야기 했제? 예전 기사가 아니라고..[2]\n', '이오스 역프 가즈아\n', '엔엑 강제 존버였는데 탈출한다 곧 \n', '이오스 김프 5%대. 어떤 흑우새끼가 봇에 놀아나는거냐[1]\n', '이오스 김프 5퍼 시발 ㅋㅋㅋㅋ\n', '앤엑은 믿음과 기다림이였다\n', '슬슬 하나씩 불 꺼진다 ㅅㅂ\n', '코인판 세일 시작한다 ㅋㅋㅋㅋㅋㅋㅋㅋㅋㅋㅋㅋㅋ\n', '그래 이오스 역프가자\n', '이오스 역프가즈아~~~~~~~~~~~~\n']| |['141', '111', '161', '382', '107', '123', '289', '163', '117', '502', '38', '99', '78', '97', '40', '157', '133', '146', '37', '42', '63', '25', '49', '336', '118', '115', '60', '157', '27', '368', '141', '37', '27', '37', '26', '250', '26', '88', '160', '124', '66', '57', '47', '27', '28']| |['0', '0', '0', '0', '0', '0', '1', '0', '0', '0', '0', '0', '0', '0', '0', '1', '0', '1', '0', '0', '0', '0', '0', '0', '0', '9', '0', '0', '0', '6', '0', '0', '0', '0', '0', '1', '0', '0', '0', '0', '0', '0', '0', '0', '0']| |['2018.01.12 16:49:44', '2018.01.12 16:49:44', '2018.01.12 16:49:43', '2018.01.12 16:49:44', '2018.01.12 16:49:43', '2018.01.12 16:49:41', '2018.01.12 16:49:41', '2018.01.12 16:49:40', '2018.01.12 16:49:39', '2018.01.12 16:49:35', '2018.01.12 16:49:37', '2018.01.12 16:49:33', '2018.01.12 16:49:32', '2018.01.12 16:49:31', '2018.01.12 16:49:29', '2018.01.12 16:49:28', '2018.01.12 16:49:28', '2018.01.12 16:49:26', '2018.01.12 16:49:25', '2018.01.12 16:49:25', '2018.01.12 16:49:25', '2018.01.12 16:49:25', '2018.01.12 16:49:24', '2018.01.12 16:49:19', '2018.01.12 16:49:19', '2018.01.12 16:49:17', '2018.01.12 16:49:17', '2018.01.12 16:49:17', '2018.01.12 16:49:16', '2018.01.12 16:49:17', '2018.01.12 16:49:16', '2018.01.12 16:49:14', '2018.01.12 16:49:14', '2018.01.12 16:49:12', '2018.01.12 16:49:09', '2018.01.12 16:49:10', '2018.01.12 16:49:07', '2018.01.12 16:49:07', '2018.01.12 16:49:07', '2018.01.12 16:49:05', '2018.01.12 16:49:04', '2018.01.12 16:49:05', '2018.01.12 16:49:04', '2018.01.12 16:49:03', '2018.01.12 16:49:04']|
|['3536642', '3536641', '3536640', '3536639', '3536638', '3536637', '3536636', '3536635', '3536634', '3536633', '3536632', '3536631', '3536630', '3536629', '3536628', '3536627', '3536626', '3536625', '3536622', '3536621', '3536620', '3536619', '3536616', '3536615', '3536614', '3536613', '3536611', '3536612', '3536610', '3536609', '3536608', '3536607', '3536606', '3536605', '3536604', '3536603', '3536602', '3536601', '3536599', '3536598', '3536597', '3536596', '3536595', '3536594', '3536593']| |['코인판 세일 시작한다 ㅋㅋㅋㅋㅋㅋㅋㅋㅋㅋㅋㅋㅋ\n', '그래 이오스 역프가자\n', '이오스 역프가즈아~~~~~~~~~~~~\n', '이오스 13200원 와라 아가리벌림[1]\n', '야 리플 용암이다 ㅋㅋㅋㅋㅋㅋ 개꿀 ㅋㅋㅋㅋㅋㅋㅋㅋㅋㅋㅋㅋㅋㅋㅋㅋ\n', '상승폭 서서히 줄어든다 \n', '똥텀 왜 자유낙하하냐?[1]\n', '계좌불러라 자살하지말고 50씩 5명만이다[16]\n', '미쳐버린 기자.jpg[2]\n', '이오스사놔라 내일 강남에서 미팅\n', '여자 다섯명구제한다[4]\n', '아좆됫다 개떡락오네 씻파 설거지당햇네[1]\n', '이명박근혜였을시 코인 대응.real\n', '김프 실화?ㅋㅋ\n', '갓둘기형님 제가 멍청해서 엄한 계좌 적었네요 [1]\n', '골반 개쩌는년.jpg\n', '이오스 개붕신들 ㅋㅋ 김프 5퍼대 아 팔고 저점매수할걸\n', '모두 챠트봐라 시발 세력들 너무하네 ㅋㅋ 패닉셀한방먹어봐라\n', '고팍스 이니그마상장\n', '[속보,좆망] 법무부, 비트코인 2월달부터 국내거래 막아야 ㅋㅋㅋㅋㅋㅋㅋ[1]\n', '이오스 김프5%다~~ㅅㅅㅅㅅㅅ\n', '이제 슬슬 기사 보기 시작하는거다 ㅋㅋㅋ\n', '스피어좆같은거애 물렸다[3]\n', '떡락이 왜와 공무원들 퇴근시간 코앞인데 ㅋㅋㅋㅋㅋㅋ\n', '아이젝 아주 푸근하다 ㅋㅋㅋㅋㅋㅋ[14]\n', '재탕뉴스보고튀는거냐\n', '조때따 빤쓰런해라 ㅌㅌㅌㅌㅌ\n', '고팍은 신규 전부터 쭉~~~~~~~받고있는디?\n', '여러분 카르마를 아십니까 ?\n', '떡상한다매 회복장이라매 ㅅㅂ놈들아[1]\n', '[봇]이오스 친구들아 해외 이오스 차트 보지마라\n', '동양인들 빤스런 ㅋㅋㅋ jpg\n', '뱅크런 오면 krw 출금 안될수도 있어\n', '야 아니 근데 진짜로 받은 색기가 잇어서 계좌 올리는거냐?[2]\n', '이오스 김프 5퍼 ㅋㅋㅋㅋ\n', '성수동 한화 갤러리아 포레70평   VS  짤.JPG[4]\n', '비트코인 개념글 조회수 왜이럼?\n', '아직도 매도 안한 흑우덜 없제??ㅋㅋ떡락장이다 빨 튀어\n', '뮤츠픽인가?? 와진짜못하네얘네\n', '정보)가상화폐란 쓰면 안된다 가상화폐란 말쓰니깐 가상증표랑 얽히는거다\n', '떡락이네시발 다튀어라\n', '철회가 아니라 보류라는데?.. 링크 봐봐~\n', '이오스 김프십ㅋㅋㅋㅋㅋ\n', '이더 비캐 횡보하다 왜 갑자기 떡락이냐 ㅠㅠㅠ\n', '리플 죽음의 빤스런 시작\n']| |['47', '27', '28', '55', '408', '44', '48', '91', '332', '47', '75', '73', '132', '153', '33', '297', '55', '58', '151', '392', '94', '126', '176', '195', '543', '31', '64', '54', '82', '122', '194', '285', '46', '54', '38', '156', '21', '28', '16', '120', '53', '205', '43', '101', '90']| |['0', '0', '0', '0', '0', '0', '0', '3', '3', '0', '0', '0', '1', '0', '0', '0', '0', '0', '0', '1', '0', '0', '0', '1', '0', '0', '0', '0', '0', '0', '0', '0', '0', '0', '0', '1', '0', '0', '0', '0', '0', '0', '0', '0', '0']| |['2018.01.12 16:49:04', '2018.01.12 16:49:03', '2018.01.12 16:49:04', '2018.01.12 16:49:02', '2018.01.12 16:49:02', '2018.01.12 16:49:01', '2018.01.12 16:49:00', '2018.01.12 16:49:00', '2018.01.12 16:48:58', '2018.01.12 16:48:57', '2018.01.12 16:48:57', '2018.01.12 16:48:56', '2018.01.12 16:48:55', '2018.01.12 16:48:53', '2018.01.12 16:48:54', '2018.01.12 16:48:50', '2018.01.12 16:48:53', '2018.01.12 16:48:53', '2018.01.12 16:48:50', '2018.01.12 16:48:49', '2018.01.12 16:48:48', '2018.01.12 16:48:47', '2018.01.12 16:48:43', '2018.01.12 16:48:43', '2018.01.12 16:48:41', '2018.01.12 16:48:41', '2018.01.12 16:48:39', '2018.01.12 16:48:38', '2018.01.12 16:48:38', '2018.01.12 16:48:36', '2018.01.12 16:48:36', '2018.01.12 16:48:36', '2018.01.12 16:48:36', '2018.01.12 16:48:36', '2018.01.12 16:48:35', '2018.01.12 16:48:36', '2018.01.12 16:48:36', '2018.01.12 16:48:34', '2018.01.12 16:48:33', '2018.01.12 16:48:33', '2018.01.12 16:48:30', '2018.01.12 16:48:31', '2018.01.12 16:48:29', '2018.01.12 16:48:29', '2018.01.12 16:48:27']|
|['3536594', '3536593', '3536592', '3536591', '3536590', '3536589', '3536588', '3536585', '3536584', '3536583', '3536582', '3536581', '3536580', '3536579', '3536578', '3536577', '3536575', '3536574', '3536573', '3536572', '3536571', '3536570', '3536569', '3536568', '3536567', '3536566', '3536564', '3536563', '3536562', '3536560', '3536559', '3536558', '3536557', '3536554', '3536553', '3536552', '3536551', '3536550', '3536548', '3536547', '3536546', '3536545', '3536544', '3536543', '3536541']| |['이더 비캐 횡보하다 왜 갑자기 떡락이냐 ㅠㅠㅠ\n', '리플 죽음의 빤스런 시작\n', '인증) 형님 감사합니다ㅠㅠ  잘 쓰겠습니다\n', '리플 2990에 못판 흑드루미들 남아있냐 설마??\n', '어제 떡락이라고해서 뺐는데 ㅆㅂ[2]\n', '이오스타지마라 세력들장난심하네 이건너무하다[1]\n', '걍 해외비트 빠져서 그럼 병신들\n', '이오스 신규 코인 출시★★\n', 'ㅋㅋㅋㅋㅋㅋㅋㅋㅋㅋㅋㅋㅋ 이오스 순식간에 500원 증발^^\n', '도대체 왜또 하락하는건뎅ㅋㅋㅋㅋㅋㅋㅋㅋㅋㅋㅋㅋㅋㅋㅋ[1]\n', '일주일에 다섯번을 속는 흑우들은 이제 없제?ㅋㅋㅋㅋㅋㅋ\n', '이오스 빤스런 ㅋㅋㅋㅋㅋㅋㅋㅋㅋㅋㅋㅋㅋㅋㅋㅋㅋㅋㅋㅋㅋㅋㅋㅋㅋㅋㅋㅋㅋㅋㅋㅋ\n', '은행들의 과민반응이 말해주는 것\n', '아 씨빨 업비트 애미 뒤진새끼때메 아다에 물렸다\n', '단하나 믿을수없는 코인을 고르라면 단연코 이오스다\n', '이오스 김프 6% 진입 ㅋㅋ\n', '방금 댄 라이머 텔레그램 ㄷㄷㄷㄷㄷㄷㄷㄷㄷㄷㄷㄷ\n', '코인 규제 와 세월호[1]\n', '슬금슬금 오르는코인 추천\n', '비트코인 단어사전같은거없음? \n', '청와대 폐지 불가방침확정[1]\n', '차대리님 보세요[1]\n', '너희 살면서 고소먹은적 있냐?\n', '이오스 담백한거보소\n', '뉴스기사보고 쎄햇나보네 ㅋㅋㅋ\n', '리플 갑자기 왜 무너지냐?..내가 사서 그래?? 씨;발?;;[2]\n', '배달음식 그만 시켜먹어야겠다;; \n', '원상복귀 ㅋㅋㅋㅋㅋㅋㅋㅋㅋㅋㅋㅋㅋㅋㅋㅋㅋㅋ\n', '야 솔직히 오늘 대차게 거래한 사람들 다 돈벌었어..관전들 머하는거냐[1]\n', '곧 역프는 온다\n', '이오스 개떡락 실화냐ㅋㅋㅋㅋㅋㅋㅋㅋㅋ\n', '이오스 떡상중입니다 떡락아닙니다\n', '폭탄 돌리기 눈치 게임 으엌ㅋㅋㅋㅋㅋㅋㅋㅋㅋㅋㅋㅋㅋㅋㅋㅋㅋㅋㅋㅋ\n', '이오스가 머야?\n', '씨발 돈보내주긴하냐? 글읽어라[2]\n', '박상기 법무부 장관 특징 : 사시 못붙음[1]\n', 'ㅋ 이그니스 못받고 엔엑손절한애들이 젤불쌍하다[1]\n', '속보!!! 떡상장 신호왔더[1]\n', '코갤 악재 = 호재 \n', '이오스 빤스런 속도보소 ㅋㅋㅋㅋㅋㅋㅋㅋㅋㅋㅋㅋㅋㅋㅋㅋ\n', '씻팔 뉴스 나오잔아 신한에 이어 우리농협도 정지\n', '뱅크런 오기전에 예수금도 빨리 출금해라\n', '아직도죽은코인부랠쓰담하고\n', '폐쇄 입금금지 정도 언플해야 일하는 거 같자너 다 뻥카치는 거임\n', '비트코인때문에 청년들이 일도안하고 정말 나라가 뒤숭숭한시기입니다.[3]\n']| |['101', '90', '196', '52', '168', '105', '43', '86', '78', '138', '207', '49', '246', '37', '55', '87', '161', '110', '101', '8', '392', '319', '48', '57', '307', '114', '76', '92', '106', '27', '77', '53', '71', '36', '73', '104', '252', '315', '17', '60', '107', '26', '25', '48', '56']| |['0', '0', '0', '0', '0', '0', '0', '0', '0', '0', '0', '0', '2', '0', '0', '0', '1', '1', '0', '0', '0', '0', '0', '0', '0', '0', '0', '0', '0', '0', '0', '0', '0', '0', '0', '3', '0', '1', '0', '0', '0', '0', '0', '0', '0']| |['2018.01.12 16:48:29', '2018.01.12 16:48:27', '2018.01.12 16:48:27', '2018.01.12 16:48:25', '2018.01.12 16:48:24', '2018.01.12 16:48:23', '2018.01.12 16:48:22', '2018.01.12 16:48:20', '2018.01.12 16:48:20', '2018.01.12 16:48:18', '2018.01.12 16:48:17', '2018.01.12 16:48:18', '2018.01.12 16:48:15', '2018.01.12 16:48:16', '2018.01.12 16:48:15', '2018.01.12 16:48:12', '2018.01.12 16:48:12', '2018.01.12 16:48:12', '2018.01.12 16:48:11', '2018.01.12 16:48:11', '2018.01.12 16:48:09', '2018.01.12 16:48:08', '2018.01.12 16:48:06', '2018.01.12 16:48:06', '2018.01.12 16:48:05', '2018.01.12 16:48:05', '2018.01.12 16:48:05', '2018.01.12 16:48:04', '2018.01.12 16:48:02', '2018.01.12 16:48:01', '2018.01.12 16:48:01', '2018.01.12 16:48:00', '2018.01.12 16:47:58', '2018.01.12 16:47:55', '2018.01.12 16:47:55', '2018.01.12 16:47:55', '2018.01.12 16:47:54', '2018.01.12 16:47:53', '2018.01.12 16:47:52', '2018.01.12 16:47:52', '2018.01.12 16:47:51', '2018.01.12 16:47:50', '2018.01.12 16:47:50', '2018.01.12 16:47:46', '2018.01.12 16:47:46']|
|['3536541', '3536540', '3536538', '3536537', '3536536', '3536535', '3536533', '3536534', '3536532', '3536531', '3536530', '3536529', '3536528', '3536527', '3536526', '3536524', '3536523', '3536522', '3536521', '3536520', '3536518', '3536517', '3536516', '3536515', '3536514', '3536513', '3536512', '3536510', '3536509', '3536508', '3536504', '3536505', '3536503', '3536502', '3536501', '3536500', '3536499', '3536498', '3536497', '3536496', '3536495', '3536494', '3536492', '3536491', '3536490']| |['비트코인때문에 청년들이 일도안하고 정말 나라가 뒤숭숭한시기입니다.[3]\n', '빗썸 이새끼들은 매도를 해도 깔끔하게 안뛀궈주냐\n', '이더 갑자기 왜이렇게 떡락하는겨???????????????????ㅅㅂ[1]\n', '이오스 김프6% ㅋㅋㅋㅋㅋㅋㅋ 0%만들기프로젝트시동했다\n', '이오스가 가장 안전 코인이다\n', '갓둘기.성님 비트 계좌 드릴게용\n', '개떡락시즈아아악ㅋㅋㅋ\n', '이오스 빨리 던져라\n', '카드사들이 해외에서도 못사게한단다ㅋㅋㅋㅋㅋ[1]\n', '어디 한군데 폐쇄 한다잖아 안쫄리냐? 시중은행 다 튀었다 ㅋㅋㅋ[1]\n', '이미 본 기사 기레기들이 다시올리는건데 이거에 나가는 흑우있냐? ㅋㅋ\n', '이오스 김프 7% ㅋㅋㅋㅋ\n', '이오스 김프 7.3%\n', '이오스 139->154 꺼어엉어어어억~[3]\n', '탈코인은 지능순 ㅋㅋㅋ\n', '10명구제간다 8만원[14]\n', '이오스 김프 7퍼 ㅋㅋㅋ\n', '머장 피철철흘린다 전군대피하라 ㅋㅋㅋㅋㅋㅋㅋㅋㅋㅋㅋ\n', 'ㅅㅂ돈다뺐다 ㅈ같네 ㅡㅡ15일부터 얼음장이자나\n', '꽉잡아라 폭락온다 정부 의도대로, 가상화폐 거래 사실상 중단된다[2]\n', '이오스 15500층입니다 ㅠㅠㅠㅠㅠㅠ[2]\n', '기존 계좌 막힌다 빤쓰런 해라[2]\n', '튀어\n', '좆같은 코인도박충새끼들아 [2]\n', '이오스 떡락 아닙니다. 지금 안타면 후회!\n', '이클떡상할것같냐?[1]\n', 'nxt\n', '해외 슨트 미니차트 .jpg\n', '아까 리플 타라길레 탓다\n', '이오스 씹지린다 ㄷㄷ 김프 8프로 ㅋㅋㅋㅋㅋ\n', '갓둘기님 노예1호입니다\n', '빗썸은 폐쇄결정난거냐 왜 떡락하냐\n', '하락장이다 모두 ㅌㅌ 인플레이션 끝!\n', '버지 제작자 빤스런 ㄷㄷ[1]\n', '리플 4800층 생존자 근황..........jpg[3]\n', '밸트 꽉매라\n', '이더리움살거면 빗썸와라 지금 167이다[1]\n', '코익 dime코인[3]\n', '이오스 운지 ㅋㅋㅋㅋㅋㅋㅋㅋㅋㅋㅋㅋ\n', '시아코인에 낚인 흑우업제?ㅋㅋㅋㅋㅋㅋㅋ[3]\n', '고팍스는 왜횡보중이냐 늘갱이라 그러냐?\n', '이오스 김프 8프롴ㅋㅋㅋㅋㅋ 진짜 역프나올각이다\n', '난 선동 안 당할랜다 ㅋㅋㅋㅋㅋ[1]\n', '이오스 떡락한다고 손절하지마셈. 저거 세력 봇임.\n', '디지털노트 사라 두번사라\n']| |['56', '36', '224', '57', '35', '36', '149', '52', '189', '140', '32', '40', '26', '51', '35', '74', '96', '47', '151', '339', '98', '202', '30', '47', '41', '77', '92', '354', '118', '153', '19', '187', '45', '338', '320', '51', '152', '199', '105', '416', '79', '66', '315', '63', '53']| |['0', '0', '0', '0', '0', '0', '0', '0', '0', '0', '0', '0', '0', '0', '0', '2', '0', '0', '0', '0', '0', '0', '0', '0', '0', '0', '0', '0', '0', '0', '0', '0', '0', '0', '2', '0', '0', '0', '0', '0', '0', '0', '3', '0', '0']| |['2018.01.12 16:47:46', '2018.01.12 16:47:44', '2018.01.12 16:47:43', '2018.01.12 16:47:43', '2018.01.12 16:47:42', '2018.01.12 16:47:41', '2018.01.12 16:47:40', '2018.01.12 16:47:40', '2018.01.12 16:47:39', '2018.01.12 16:47:40', '2018.01.12 16:47:37', '2018.01.12 16:47:37', '2018.01.12 16:47:32', '2018.01.12 16:47:35', '2018.01.12 16:47:34', '2018.01.12 16:47:29', '2018.01.12 16:47:28', '2018.01.12 16:47:28', '2018.01.12 16:47:26', '2018.01.12 16:47:27', '2018.01.12 16:47:22', '2018.01.12 16:47:21', '2018.01.12 16:47:20', '2018.01.12 16:47:19', '2018.01.12 16:47:18', '2018.01.12 16:47:18', '2018.01.12 16:47:16', '2018.01.12 16:47:15', '2018.01.12 16:47:14', '2018.01.12 16:47:13', '2018.01.12 16:47:11', '2018.01.12 16:47:11', '2018.01.12 16:47:09', '2018.01.12 16:47:09', '2018.01.12 16:47:09', '2018.01.12 16:47:06', '2018.01.12 16:47:04', '2018.01.12 16:47:03', '2018.01.12 16:47:02', '2018.01.12 16:47:00', '2018.01.12 16:46:59', '2018.01.12 16:46:58', '2018.01.12 16:46:56', '2018.01.12 16:46:57', '2018.01.12 16:46:57']|
|['3536489', '3536488', '3536487', '3536486', '3536482', '3536481', '3536480', '3536479', '3536477', '3536476', '3536475', '3536474', '3536473', '3536472', '3536471', '3536470', '3536469', '3536468', '3536467', '3536466', '3536465', '3536464', '3536463', '3536461', '3536460', '3536458', '3536457', '3536456', '3536454', '3536452', '3536451', '3536450', '3536449', '3536448', '3536447', '3536446', '3536444', '3536443', '3536442', '3536441', '3536439', '3536438', '3536436', '3536435', '3536434']| |['이오스 떡락이다 튀어어어엇~!!!!!!ㅋ\n', '국내외 모두 상승추세로 바뀌었다\n', '이오스 김프8% 실화??\n', '국밥값이라도 부탁드립니다\n', '해외 이오스는 전고점 넘었는데 비썸은 왜저러냐대체ㅡㅡ[1]\n', '금융 선진국 미국 지도자들 봐라 잘못을 깔끔하게 인정한다 [1]\n', '와 톡방에서도 보빨씹오지네\n', '자기 구조대 오면 탈출하기 바쁜니까 ㅋㅋㅋㅋㅋ\n', '아 시바 자다 일어났는데 너무 늦었네....\n', '빗썸이 폐쇄되어야 코인판이 살아난다\n', '시아 출발~~\n', '역시 예상대로 리플 30층못넘긔?\n', '이오스는 가장 안전한 자산입니다. 상승한다\n', '디지털노트 사라 두번사라[1]\n', '악재떴죸ㅋㅋㅋㅋㅋㅋㅋㅋ따끈한 뉴슼ㅋㅋㅋㅋ[10]\n', '니네들이말하던 떡락무새다\n', '아직도 저점다진다 생각하는 흑우덜 없제??ㅋㅋㅋㅋㅋ\n', '이오스 해외에서는 던지는 타임이네 조심 ㅋ\n', '빗썸돈은 다 이오스로 환전중\n', '한국 막아도 세계시장이 있다!!  선동충들아~~~  ㅋㅋㅋ[1]\n', '애들아 이오스는 왜 김프가 안끼냐?[1]\n', '이오스 떠윽락!![1]\n', '난 개인적으로 이그니스 20일 이후에 줬으면 좋겠다\n', '못먹은애들 귀엽노ㅋ아~~~까 기사들고 아직도 선동중ㅋㅋ빨갱이라?ㅋㅋ\n', '열라게 박는데 안오르면 뭐다? 떡락직전이란 소리지..\n', '김프30프로에서 역프 30프로 고속도로 직행 ㅋㅋㅋㅋㅋ\n', '★ 이미 돌았던 기사도는건데 병신들 뒤늦게 기사본 병신들 던지나보네 ㅋㅋ\n', '빗썸 이오스 장난질좀 심하네, 김프가 8.33%다. 너무 티나게 누르네\n', '선동충들 열심히해라 저점매수좀 하자\n', '입금막혀버렸다고~~~ 한마디로 말려죽이는 거라고 이눔들아\n', '이오스 댄라이머 텔레그램\n', '1주일 후 100프로 이상 먹는 코인\n', '노인 좃메냥 오르는게 어째 흐믈흐믈하다?\n', '메탈 아직 안탄 흑우 읎제?\n', 'btc 아이젝탄사람있냐\n', '리플 대장아니냐?\n', '5출19환 쳤다 ㅅㅅ\n', '주말 최소 30프로 떡상간다\n', 'ㄹㅇ 떡락충들 50%떨어질떄 조용하더만\n', '슨트 꽉잡아라\n', '이더리움 끼고 사는 애들이 승리다 ㅅㅂ\n', '30분전 한국일보 기사.\n', '해외 시그널, 단타 정보 무료 공유 중에 있습니다.\u3000\u3000\u3000\u3000\u3000\u3000\u3000\u3000\u3000\u3000\u3000\u3000\u3000\u3000\u3000\u3000\u3000\u3000\u3000\u3000\u3000\u3000\u3000\u3000\u3000\u3000\u3000\u3000\u3000\n', '진짜 바이낸스 광고하는쌔끼들 보기싫은데 진짜 써야하나\n', '빗썸 이더 왜갑자기 빤쓰런하냐[1]\n']| |['23', '51', '46', '12', '69', '122', '151', '83', '95', '169', '74', '117', '38', '114', '891', '57', '75', '62', '65', '52', '88', '57', '107', '57', '50', '92', '240', '108', '16', '138', '128', '195', '36', '59', '103', '72', '21', '67', '107', '228', '238', '196', '18', '85', '178']| |['0', '0', '0', '0', '0', '0', '0', '0', '0', '0', '0', '0', '0', '0', '1', '0', '0', '0', '0', '0', '0', '0', '0', '0', '0', '0', '0', '0', '0', '0', '0', '0', '0', '0', '0', '0', '0', '0', '0', '0', '1', '0', '0', '0', '0']| |['2018.01.12 16:46:52', '2018.01.12 16:46:52', '2018.01.12 16:46:55', '2018.01.12 16:46:54', '2018.01.12 16:46:49', '2018.01.12 16:46:48', '2018.01.12 16:46:47', '2018.01.12 16:46:45', '2018.01.12 16:46:43', '2018.01.12 16:46:42', '2018.01.12 16:46:41', '2018.01.12 16:46:40', '2018.01.12 16:46:40', '2018.01.12 16:46:39', '2018.01.12 16:46:36', '2018.01.12 16:46:35', '2018.01.12 16:46:34', '2018.01.12 16:46:35', '2018.01.12 16:46:33', '2018.01.12 16:46:33', '2018.01.12 16:46:32', '2018.01.12 16:46:29', '2018.01.12 16:46:29', '2018.01.12 16:46:28', '2018.01.12 16:46:25', '2018.01.12 16:46:23', '2018.01.12 16:46:22', '2018.01.12 16:46:21', '2018.01.12 16:46:21', '2018.01.12 16:46:19', '2018.01.12 16:46:18', '2018.01.12 16:46:16', '2018.01.12 16:46:14', '2018.01.12 16:46:14', '2018.01.12 16:46:12', '2018.01.12 16:46:12', '2018.01.12 16:46:12', '2018.01.12 16:46:11', '2018.01.12 16:46:08', '2018.01.12 16:46:11', '2018.01.12 16:46:08', '2018.01.12 16:46:08', '2018.01.12 16:46:06', '2018.01.12 16:46:05', '2018.01.12 16:46:05']|
|['3536433', '3536432', '3536431', '3536430', '3536429', '3536428', '3536427', '3536426', '3536425', '3536424', '3536423', '3536422', '3536421', '3536419', '3536418', '3536417', '3536416', '3536415', '3536414', '3536413', '3536412', '3536411', '3536410', '3536409', '3536408', '3536407', '3536406', '3536405', '3536404', '3536403', '3536402', '3536401', '3536399', '3536398', '3536397', '3536396', '3536395', '3536394', '3536393', '3536392', '3536391', '3536389', '3536386', '3536385', '3536384']| |['거래소폐쇄에대해 통계조사하겠습니다.\n', '상승장 전환 같긴 한데 저점다지기인지 벌써 힘 빠지고 고꾸라지는건지 \n', '싸해서돈다뺌\n', 'ㅋㅋㅋㅋㅋㅋ 거래소 폐쇄 코인판 ㄹㅇ 좆됐네 난 현금화하고 튄다[1]\n', '빗썸은 개하락중인데 업빗은 상승중?[1]\n', '제 의견이지만 이건 더불어 잘사는 사회를 만들기 위한 초석이라 생각합니다[23]\n', '리플 20원떼기 하고있다 어케생각하냐[2]\n', '시아코인 버지 존버했던 사람들이 제일 불쌍\n', '하락장 또시작이당ㅋㅋㅋㅋㅋㅋㅋㅋㅋㅋㅋㅋㅋㅋ\n', '스텔라 단타충 존나 많네\n', '이오스는 김프0%되면살게요 ㅎㅎ\n', '아니 걍 이 계좌로 10만원 보내[1]\n', '단타로 깨작깨작 하다 퀀텀 물렸다\n', '텐엑 25000사토시 허매수임?\n', '빗썸 지금 김프 담백하게 빠지는중 ㅋㅋ\n', '주말 떡상에 오늘은 혼술해야겠다 ㅋㅋㅋㅋㅋ\n', '사람말 존나 못믿네[8]\n', '복셀 타고있는 애들 있냐?[2]\n', "법무부, 이르면 오늘 오후 '가상화폐 특별대책 발표'\n", '이젠 기사 같은거 떠도 안믿겟다 ㅋㅋㅋㅋㅋ\n', '코린이 오늘 12만원 벌엇는뎀[5]\n', '외국에선 오프라인에서 가상화폐 쓴다던데\n', '버거가 환장할 오늘의 히든코인\n', '코인판 끝났습니다. 추가자금 없습니다. 기존계좌도 입금 불가합니다. \n', '비투카 비평 신상\n', '비트코인때문에 청년들이 일도안하고 나라가 정말 뒤숭숭하네요.[9]\n', '엔엑 매수 매도 똑같이 7만개박네\n', 'ㅂㅅ들아 잘들어라 씹저점인데\n', '이오스 해외랑 시세맞춰 송금중\n', '아이젠155퍼무현?\n', '디지바이트x그로스톨 호재 ㅁㅊㄷ\n', '아다 심정지 ㄹㅇ?\n', '떡락무새들은 지금이라도 타지 왜 자꾸 선동함?\n', '좆도 당분간 횡보하겠네 \n', '이더 177층 어때보임??\n', '스텔라는 진짜 1050까진올랐으면좋겠다.고팍스 유저들 구조용으로..[12]\n', '떡락 아님. 이오스 탑승들 합시다.\n', '순식간에 다도망가네진짜 ㅋㅋㅋㅋㅋ\n', '이오스시발련 자꾸 장난치누 ㅡ\n', '폭락할 때 사서 떡상할 때 팔면 되자너 ㅋㅋㅋ\n', '에이다 씹스캠 꺼져\n', '야 살다살다 빗섬이 업비트보다 싼거첨본다[2]\n', '라이징스타 슨튼\n', '엔엑 심상치않다\n', '이오스 장투 존버용으로 어떠냐\n']| |['169', '57', '138', '368', '79', '799', '148', '377', '114', '114', '47', '76', '90', '39', '70', '93', '468', '290', '453', '52', '173', '72', '154', '262', '86', '174', '91', '99', '89', '22', '259', '136', '22', '46', '51', '418', '92', '481', '54', '77', '70', '168', '128', '84', '45']| |['5', '0', '0', '0', '0', '25', '0', '0', '0', '1', '0', '0', '0', '0', '0', '0', '0', '0', '1', '0', '0', '0', '0', '0', '0', '2', '0', '0', '0', '0', '0', '0', '0', '0', '0', '2', '0', '0', '0', '0', '0', '0', '0', '0', '0']| |['2018.01.12 16:46:03', '2018.01.12 16:45:59', '2018.01.12 16:45:57', '2018.01.12 16:45:57', '2018.01.12 16:45:55', '2018.01.12 16:45:55', '2018.01.12 16:45:52', '2018.01.12 16:45:52', '2018.01.12 16:45:51', '2018.01.12 16:45:51', '2018.01.12 16:45:50', '2018.01.12 16:45:48', '2018.01.12 16:45:47', '2018.01.12 16:45:44', '2018.01.12 16:45:44', '2018.01.12 16:45:38', '2018.01.12 16:45:40', '2018.01.12 16:45:39', '2018.01.12 16:45:39', '2018.01.12 16:45:38', '2018.01.12 16:45:36', '2018.01.12 16:45:36', '2018.01.12 16:45:34', '2018.01.12 16:45:33', '2018.01.12 16:45:32', '2018.01.12 16:45:31', '2018.01.12 16:45:30', '2018.01.12 16:45:30', '2018.01.12 16:45:30', '2018.01.12 16:45:30', '2018.01.12 16:45:29', '2018.01.12 16:45:29', '2018.01.12 16:45:25', '2018.01.12 16:45:25', '2018.01.12 16:45:23', '2018.01.12 16:45:19', '2018.01.12 16:45:19', '2018.01.12 16:45:19', '2018.01.12 16:45:19', '2018.01.12 16:45:18', '2018.01.12 16:45:16', '2018.01.12 16:45:14', '2018.01.12 16:45:11', '2018.01.12 16:45:11', '2018.01.12 16:45:10']|
|['3536383', '3536380', '3536379', '3536378', '3536377', '3536376', '3536374', '3536373', '3536372', '3536371', '3536369', '3536368', '3536367', '3536366', '3536365', '3536364', '3536363', '3536361', '3536360', '3536359', '3536357', '3536355', '3536354', '3536353', '3536352', '3536351', '3536350', '3536349', '3536347', '3536346', '3536345', '3536344', '3536342', '3536341', '3536340', '3536339', '3536338', '3536337', '3536335', '3536334', '3536333', '3536332', '3536331', '3536329', '3536328']| |['가상화폐 거래자 5년 이하 징역‧5000만 원 이하 벌금 법안..ㄷㄷㄷㄷ[4]\n', '딱 8명만 10만 구제간다 필독[13]\n', '팩트로 보여준다 너네 못타서 지금 폐쇄폐쇄 거리지?[1]\n', '이오스 16층 오갱끼 데스까!!!!!~~~~[1]\n', '스텔라 1310월 가야 본전이다 ㅠㅠ\n', '리플 토큰 자체엔 아무런 가치가 없다[3]\n', '떡등하고 김프낄수록 규제의 표적이된다 [2]\n', '형들은 시드머니 심리적 저항선있음?[3]\n', '선착순 15명 0.02비트씩 쏜다. 들어와라[4]\n', '돈별로못벌어서 두명만 구제한다[6]\n', '상기 퇴근 1시간 15분전 ㅋㅋㅋㅋㅋㅋㅋ 시발놈 빨리 퇴근해라 ㅋㅋㅋㅋㅋ\n', '가상계좌 전면 폐쇄 YTN 오피셜 떴드아~[3]\n', '갓둘기.가즈아~\n', '비트코인 대박난 기자.jpg[1]\n', '이오스 2만 가나요?\n', '현금화가 답이다\n', '아이젝 떡락하는거보고싶어서 구경중[1]\n', '[속보,좆망] 3월달 까지 국내 거래소 3개 문 닫는다 ㅋㅋㅋㅋㅋㅋㅋ[5]\n', '이오스 오졌따맄ㅋㅋㅋ역시 2주 존버한 보람![1]\n', '겜에도 현질하는데 코인에도 팍팍지르자\n', '근데 확실히 우리가 대통령 하나는 잘뽑은듯[7]\n', '시아랑 디노 꿋꿋하게 파란불이넼ㅋㅋㅋ\n', '리플, 코요테가 부릅니다\n', '아크 존버용으로 어떰?[2]\n', '국내 똥망 코인사서 해외에 역판매[1]\n', '이오스 어서 타자 진짜라궄!\n', '트론 지원좀 부탁드립니다[2]\n', '빗썸 폐쇄됐음 좋겠다\n', '갓둘기 찬양하라 갓둘기 아자아자[4]\n', '버지 빨리 빼라 개발자 튀었음[1]\n', '나처럼 실명까고 구걸해ㅅㅂ\n', 'ㅋㅋ 이오스 김프8퍼대\n', '버지 차트 예술이네\n', '■ 마지막으로 경고한다. 21시 개폭락장 온다[2]\n', '이오스 다음정거장은15,800 ~ 15,800 어서 타세요~[1]\n', '아이오타가 뜰수밖에 없는이유\n', '이오스 김프 9%대...\n', '저점이 점점 높아지는 전형적인 상승장이다\n', '이오스 김프 9% ㅋㅋㅋ 존나 담백하네 이거\n', '문재인 쳐맞는 움짤.\n', '아니 궁금한게 코인판에서 원금잃는 ㅅㄲ들은 뭐냐?ㅋㅋㅋ[2]\n', '킹갓이더리움 방어력씹오진다[1]\n', '지금 좀 오른다고 존나 좋아하네[1]\n', '슨트 620매도벽치고 매집하는거보이제?ㅋㅋㅋ매집할때 같이타라 세력이랑[1]\n', '코인탈출은 지능순이다.\n']| |['336', '138', '278', '61', '51', '181', '34', '50', '116', '57', '45', '421', '39', '387', '46', '64', '135', '777', '329', '25', '268', '94', '110', '115', '169', '58', '100', '157', '38', '300', '58', '98', '174', '387', '63', '206', '66', '161', '62', '170', '148', '156', '138', '122', '80']| |['0', '5', '0', '0', '0', '0', '0', '0', '1', '2', '1', '0', '0', '3', '0', '0', '0', '1', '1', '0', '1', '0', '0', '0', '0', '0', '0', '0', '0', '0', '0', '1', '0', '0', '0', '0', '0', '0', '1', '3', '0', '0', '0', '0', '0']| |['2018.01.12 16:45:10', '2018.01.12 16:45:07', '2018.01.12 16:45:07', '2018.01.12 16:45:07', '2018.01.12 16:45:07', '2018.01.12 16:45:05', '2018.01.12 16:45:04', '2018.01.12 16:45:03', '2018.01.12 16:45:01', '2018.01.12 16:45:01', '2018.01.12 16:45:00', '2018.01.12 16:44:59', '2018.01.12 16:44:59', '2018.01.12 16:44:58', '2018.01.12 16:44:58', '2018.01.12 16:44:54', '2018.01.12 16:44:49', '2018.01.12 16:44:46', '2018.01.12 16:44:45', '2018.01.12 16:44:44', '2018.01.12 16:44:43', '2018.01.12 16:44:41', '2018.01.12 16:44:39', '2018.01.12 16:44:39', '2018.01.12 16:44:34', '2018.01.12 16:44:32', '2018.01.12 16:44:31', '2018.01.12 16:44:30', '2018.01.12 16:44:29', '2018.01.12 16:44:29', '2018.01.12 16:44:27', '2018.01.12 16:44:24', '2018.01.12 16:44:22', '2018.01.12 16:44:22', '2018.01.12 16:44:22', '2018.01.12 16:44:18', '2018.01.12 16:44:17', '2018.01.12 16:44:16', '2018.01.12 16:44:16', '2018.01.12 16:44:14', '2018.01.12 16:44:14', '2018.01.12 16:44:13', '2018.01.12 16:44:12', '2018.01.12 16:44:12', '2018.01.12 16:44:09']|
|['3536326', '3536325', '3536324', '3536323', '3536322', '3536321', '3536320', '3536319', '3536318', '3536317', '3536316', '3536315', '3536314', '3536313', '3536312', '3536311', '3536310', '3536308', '3536307', '3536306', '3536305', '3536304', '3536303', '3536302', '3536301', '3536299', '3536298', '3536297', '3536295', '3536294', '3536293', '3536292', '3536290', '3536289', '3536288', '3536287', '3536286', '3536285', '3536284', '3536283', '3536282', '3536281', '3536280', '3536279', '3536278']| |['정부조련으로 코린이들 많이큼[1]\n', '아니밥먹고오니 내코인빨간색이온대간대사라져잇냐\n', '가상계좌 전면폐지 YTN 오피셜 떴드아 ㅋㅋㅋㅋㅋ[4]\n', '복셀 뜨어어어억상 가즈아아아아[1]\n', '비둘기 형님 후원좀 부탁드립니다.\n', '이오스 16층 절대못간다 내불알한쪽검[1]\n', '개추 10명 5천원 선착순이다...[25]\n', '빤쓰런이다 다 떨어진다~~\n', 'ㅁㄴㄴ\n', '문재앙 저점매수 성공 떡상간다ㅋㅋㅋㅋㅋ\n', '저점 줍줍 마지막 찬스네...\n', '형아들.. 이거 구조오긴할까요? ㅠㅠ[5]\n', '폴로닉스1일차 쓰레기 거래손줄알앗는데 구제간다 ㅋㅋㅋ[2]\n', '스웜시티 바이낸스 상장? ㅅㅅㅅㅅㅅㅅㅅㅅㅅ쏴리 질럿!!!\n', '다 튄다 ㅋㅌㅋㅋㅋㅋㅋㅋㅋ[1]\n', '대피하라~~~~~~~~대피하라~~~~[1]\n', '스텔 1000층 이하로 징징대지좀마[3]\n', '오늘 진짜 잘된다...시드 100프로 성공느낌 ㅎㅎ\n', '이글보고 풀매수 때렸다. 미국과일본 그리고 서구선진국따라가겠지.[1]\n', '이오스 1차 단기목표 22.27달러 \n', '리플 호재 아무리터져도 안오르는 이유[6]\n', '엔엑 근데 왤캐 안오르냐 ㅋㅋㅋㅋㅋ[2]\n', '자 이오스 가즈아아아아 10층에서 3주 기다렸다 ㅅㅂ\n', '리플 28층인데 지금 익절해야하나 버텨야하나[2]\n', '☆☆신한은행해지하고 함 갑시다☆☆ 해지가주아ㅏ\n', '아 빗섬 시발 강제 롤코 시작됐네 빗섬철도 9999 시발\n', '야 힘든 새끼들 봐라[19]\n', 'nxt 급등 이유가 뭐야 ?? \n', '스웜시티 바이낸스 상장 ㅅㅅㅅㅅㅅㅅㅅㅅ\n', '슨트 아까 530부터 탔다 발사 확실함 숨고르기하면서 계속 올라가는중\n', '이오스 16000돌파!![1]\n', '떡락충들 좆빠지게 선동해봐라 누가 속나 ㅋㅋㅋㅋㅋㅋㅋㅋㅋㅋㅋㅋㅋㅋ\n', '되지도 않는 놈들 들고 있지말고\n', '이더리움 26층에 2천만원 ~~~~~~~~~~[5]\n', '개새끼들 한명도 안보내주네[1]\n', '먼 돈을못집어넣어. 업비트는 기업은행인데\n', '떡락무새들 무안하게 바로 오르기 시작하쥬 ?ㅋㅋㅋㅋㅋㅋㅋㅋㅋㅋㅋㅋㅋㅋㅋㅋ\n', '다행이 미리뺌[2]\n', '모든자금 이오스로 다몰렸나보넹ㅋㅋㅋㅋㅋㅋㅋㅋㅋㅋㅋㅋㅋ[2]\n', '이오스 주말 24층간다 버거들 목표치가 22불\n', '리플 떠윽라아아아아악\n', '업빗 페이백 언제주냐?\n', '히오스 13달러 초반으로 저점 잡는중이네\n', '우자지와 좌자지를 건 역대급 빰삥\n', '스텔라 900에 아가리 쭈와아아아아악[1]\n']| |['79', '32', '651', '94', '9', '137', '659', '43', '15', '57', '49', '299', '64', '76', '458', '114', '113', '96', '182', '109', '683', '174', '91', '162', '174', '55', '298', '185', '73', '89', '180', '50', '40', '344', '55', '110', '95', '94', '227', '68', '56', '229', '85', '40', '135']| |['0', '0', '0', '0', '0', '0', '20', '0', '0', '0', '0', '0', '2', '0', '1', '0', '0', '0', '1', '2', '0', '0', '1', '0', '0', '0', '1', '0', '0', '0', '0', '0', '0', '0', '1', '0', '0', '0', '0', '0', '0', '0', '0', '0', '0']| |['2018.01.12 16:44:07', '2018.01.12 16:44:06', '2018.01.12 16:44:04', '2018.01.12 16:43:58', '2018.01.12 16:43:58', '2018.01.12 16:43:56', '2018.01.12 16:43:56', '2018.01.12 16:43:56', '2018.01.12 16:43:54', '2018.01.12 16:43:53', '2018.01.12 16:43:53', '2018.01.12 16:43:47', '2018.01.12 16:43:48', '2018.01.12 16:43:46', '2018.01.12 16:43:44', '2018.01.12 16:43:43', '2018.01.12 16:43:43', '2018.01.12 16:43:40', '2018.01.12 16:43:39', '2018.01.12 16:43:38', '2018.01.12 16:43:35', '2018.01.12 16:43:33', '2018.01.12 16:43:25', '2018.01.12 16:43:25', '2018.01.12 16:43:25', '2018.01.12 16:43:23', '2018.01.12 16:43:20', '2018.01.12 16:43:17', '2018.01.12 16:43:14', '2018.01.12 16:43:13', '2018.01.12 16:43:13', '2018.01.12 16:43:13', '2018.01.12 16:43:12', '2018.01.12 16:43:11', '2018.01.12 16:43:10', '2018.01.12 16:43:09', '2018.01.12 16:43:09', '2018.01.12 16:43:08', '2018.01.12 16:43:08', '2018.01.12 16:43:07', '2018.01.12 16:43:04', '2018.01.12 16:43:02', '2018.01.12 16:43:01', '2018.01.12 16:43:02', '2018.01.12 16:42:59']|
|['3536276', '3536275', '3536274', '3536273', '3536272', '3536270', '3536269', '3536268', '3536267', '3536266', '3536264', '3536262', '3536261', '3536260', '3536259', '3536258', '3536257', '3536256', '3536255', '3536254', '3536253', '3536252', '3536251', '3536250', '3536249', '3536248', '3536247', '3536246', '3536245', '3536244', '3536243', '3536242', '3536240', '3536239', '3536238', '3536237', '3536236', '3536235', '3536234', '3536233', '3536232', '3536231', '3536230', '3536228', '3536227']| |['이오스 해외 13.5달란데 왜이러냐\n', '마지막 9명 0.005 간다 개추박아라[12]\n', '야 시드 4천이고 3900은 그냥 장기투자하면 적당하게 스윙치고[1]\n', '필독) 코인판 전체 호재 떴다!!!!!!!!!!!!!!!!!!!![5]\n', '아다 1700층인데 안락하고 좋네 ㅎㅎ[1]\n', '버지 기사 6시 출근[1]\n', '아이젝 6000 이더리움층이면\n', '이오스 김프 9퍼실화냐ㅋㅋㅋㅋ\n', '숨고르기인데 븅신들ㅋㅋㅋㅋㅋRSI조정하는거 안보이냐 ㅋㅋㅋ지금 씹저점\n', '국회 "가상화폐 2월에 금융으로 지정 예정"[2]\n', '코인판은 장기투자 개념으로 접근하면 무조건 돈 번다.\n', '2달동안 잘 먹고 갑니다. 건승하시길...[2]\n', '빗갤러 중 한명이라도 데스노트 주우면 볼만할듯\n', '이오스 시총만 좀 올리면 대박코인되겠당[1]\n', '기존거래자 계좌입금 전면 차단 하면 역프 -30 프로까지 고속도로임\n', '비둘기 형님 제발... 좀 도와주시면 안되나요...\n', '근데 리플 머니그램 체결 씹구라엿음?[4]\n', '정부 및 기관 말 믿는건 호구다 jpg\n', '입금 금지 ㅋㅋㅋㅋㅋㅋ 신규 없음 -> 거래소 폐쇄 -> 한강 ㅋㅋㅋㅋㅋ[1]\n', '다음타자는\n', '어제 저점은 다신 안올거 아냐 이제 ㅇㄱㄹㅇ\n', '아직도 기레기에 낚이는 흑두루치기들 없제?ㅋㅋㅋㅋㅋㅋㅋ\n', '엔엑 타면 되는거냐?[1]\n', '야 어떤 새키가 이오스 선물 상장한다고 햇냐[2]\n', '문재인 지지자 특징\n', '이오스 밤까진 최소한 오른다 타라  저 거금넣음\n', '여기말 믿고투자하면 ㅂㅅ댄다\n', '국민 78% "정부, 가상화폐 규제 강화해야"[1]\n', '몇일전에도 도배햇을때 떡락왓다~~ㄹㅇ 튀어라 난떡락전에만 도배하니까 ㅌㅌ\n', '스큰 지페 고고!![1]\n', '계좌\n', '마지막 구원이벤트 5천원 7명가즈아!...[8]\n', '★야이 좆게이들아 업비트 신규가입 언제냐고?????????????[1]\n', '악재 떴다 ㅋㅋㅋㅋㅋㅋㅋ따끈한 뉴스 ㅋㅋㅋ[5]\n', '[속보] 청와대 공식 발표, 가상화폐 인정 안한다 ㅋㅋㅋㅋㅋㅋㅋ.gisa[1]\n', '이쯤되면 법무부장읍이 스캠아니냐고ㅋㅋㅋ\n', '아까 타라길레 탓다\n', '이오스 가지말라는 놈들 특징\n', '스텔라 980층네 물렸다 전재산 다물렸다 구조대 언제오냐?[2]\n', '스텔라 1230층 구조대 오냐.. 오겠지 언젠간.. 근데 당장 답답허다\n', '빠르게 2원 10만명 구제간다 계좌달아라ㄱㄱㄱㄱ[7]\n', '금융권 실무자들 소집 회의내용 기사첨부!!\n', '심상치 않고 떡락충 씨블럼들아 그렇게 쎄한건 니들 건강이 이상한거야\n', '야 피해라 리플 29층 무너진다[1]\n', '김프50퍼 미친 광기 투기꾼들 이러니깐\n']| |['123', '112', '112', '905', '77', '193', '61', '69', '99', '447', '87', '285', '34', '84', '59', '20', '173', '222', '229', '171', '52', '108', '90', '179', '47', '196', '147', '206', '24', '46', '23', '59', '111', '728', '691', '78', '35', '89', '143', '34', '65', '96', '18', '69', '43']| |['0', '10', '0', '6', '0', '0', '0', '0', '1', '1', '0', '0', '0', '0', '0', '0', '0', '3', '0', '0', '0', '0', '0', '0', '0', '0', '0', '0', '0', '0', '0', '4', '0', '2', '2', '0', '0', '1', '0', '0', '0', '0', '0', '0', '0']| |['2018.01.12 16:42:54', '2018.01.12 16:42:53', '2018.01.12 16:42:51', '2018.01.12 16:42:49', '2018.01.12 16:42:48', '2018.01.12 16:42:47', '2018.01.12 16:42:46', '2018.01.12 16:42:46', '2018.01.12 16:42:45', '2018.01.12 16:42:42', '2018.01.12 16:42:41', '2018.01.12 16:42:40', '2018.01.12 16:42:39', '2018.01.12 16:42:38', '2018.01.12 16:42:38', '2018.01.12 16:42:37', '2018.01.12 16:42:37', '2018.01.12 16:42:36', '2018.01.12 16:42:32', '2018.01.12 16:42:31', '2018.01.12 16:42:31', '2018.01.12 16:42:31', '2018.01.12 16:42:30', '2018.01.12 16:42:29', '2018.01.12 16:42:27', '2018.01.12 16:42:22', '2018.01.12 16:42:23', '2018.01.12 16:42:24', '2018.01.12 16:42:22', '2018.01.12 16:42:21', '2018.01.12 16:42:21', '2018.01.12 16:42:20', '2018.01.12 16:42:18', '2018.01.12 16:42:17', '2018.01.12 16:42:16', '2018.01.12 16:42:15', '2018.01.12 16:42:15', '2018.01.12 16:42:15', '2018.01.12 16:42:14', '2018.01.12 16:42:14', '2018.01.12 16:42:14', '2018.01.12 16:42:13', '2018.01.12 16:42:13', '2018.01.12 16:42:11', '2018.01.12 16:42:11']|
|['3536231', '3536230', '3536228', '3536227', '3536226', '3536225', '3536224', '3536223', '3536222', '3536221', '3536220', '3536218', '3536217', '3536216', '3536215', '3536214', '3536212', '3536211', '3536210', '3536209', '3536208', '3536207', '3536206', '3536205', '3536204', '3536203', '3536202', '3536201', '3536200', '3536199', '3536197', '3536195', '3536194', '3536192', '3536190', '3536189', '3536188', '3536187', '3536186', '3536185', '3536184', '3536183', '3536181', '3536180', '3536179']| |['금융권 실무자들 소집 회의내용 기사첨부!!\n', '심상치 않고 떡락충 씨블럼들아 그렇게 쎄한건 니들 건강이 이상한거야\n', '야 피해라 리플 29층 무너진다[1]\n', '김프50퍼 미친 광기 투기꾼들 이러니깐\n', '해외 오프라인 매장에서 비트코인 써본 갤럼 있음??\n', '이오스 김프 9프로ㅋㅋㅋㅋㅋㅋㅋㅋㅋㅋㅋㅋㅋㅋㅋㅋㅋㅋㅋㅋㅋㅋㅋㅋㅋㅋㅋ\n', '스피어 낚였네 씨발 좆같다 아\n', '오늘 더 나올뉴스 없으면 출발들 하시죠 ㅎㅎ\n', '"법무부 각 부처들과 긴급회의 결과 오늘 오후7시발표"\n', '야 이런 장에서 잃음 캐병딱아니냐\n', '떡락무새~~~저점못잡고 부들대는개돼지새키들\n', '리플 흐르네\n', '이오스.하..[1]\n', '스텔라 아직도 마이너스 못메꾸무ㅜ\n', '뉴이코 안탄 목이 똥꼬에 달린 블랙알파카 있냐?ㅋㅋㅋ[1]\n', '신규 받을 수 있는지 은행한테 물어본단다\n', '업비트 지금 기업은행 입금 안되냐?[2]\n', '데드켓이다 튀어병신들아ㅠㅋㅋㅋㅋ\n', '빗썸 씹새만 아니였어도 리플 34층은 갔음 ㅅㅂ\n', '4700원 만들어 놔라 또 기자회견한다\n', '하루죙일 오른거 약간만 조정와도 떡락떡락 ㅋㅋㅋㅋㅋㅋㅋㅋㅋㅋㅋㅋㅋ\n', '15일부터 입금금지 ㅋㅋㅋㅋㅋㅋㅋㅋㅋㅋ신규유입 없음 ㅋㅋㅋㅋㅋㅋㅋㅋㅋ\n', '가상화폐 거래자 5년 이하 징역‧5000만 원 이하 벌금 법안..ㄷㄷㄷㄷ\n', '리플 지금타면 물린다 ㅋㅋㅋㅋ\n', '떡락무새에 속아 이오스 13400원에내렸다[1]\n', '(인증)인증 및 잡썰 그리고 추첨 10명 100만원~1000만원 사이로[31]\n', '김치 이오슨 이제 모르겠고 버거 얼마까지 오를지\n', '시아 왜 안달리는지 아시는분??[1]\n', '기자새끼들 저가 사려고 막 싸지르네\n', '씌발 .. 왜 내가 사기만 하면 떨어지는건데.. 리플 ..[1]\n', '빗갤여론조사하자\n', '퀀텀 70120원에 물렸는데[1]\n', '다음타자\n', '어제 출금하고 심심해서 10만원만 해볼랬더만 입금 막혀부렀군\n', '리플 2940 들어갓다\n', '단타충 3명 500씩 구제간다[17]\n', '구걸충 메클로 테스토[2]\n', '코인으로 3달 총 순이익  7억 났네?\n', '오늘 더 나올뉴스 없으면 출발들 하시죠 ㅎㅎ\n', '진짜 ㅂㅅ들이 확인되지않는 기레기에놀아나네\n', '몇일전에도 도배햇을때 떡락왓다~~ㄹㅇ 튀어라 난떡락전에만 도배하니까 ㅌㅌ\n', '신한은 꺼지라는이유가뭐냐 ?\n', '야 솔직히 삶의 이유가 가족에 있으면 투기 안하지 않냐?\n', '기사가 떠난 장에 남아 아웅다웅하는 장이넼ㅋㅋㅋㅋ[2]\n', '널뛰기장 이제 지긋지긋해서 시골로 이사갈려는데 \n']| |['96', '18', '69', '43', '20', '95', '145', '48', '369', '32', '12', '42', '114', '32', '113', '79', '124', '51', '103', '93', '44', '261', '275', '29', '113', '250', '35', '254', '39', '85', '18', '113', '46', '93', '63', '154', '50', '73', '40', '53', '32', '54', '50', '52', '49']| |['0', '0', '0', '0', '0', '0', '0', '0', '0', '0', '0', '0', '0', '0', '0', '0', '0', '0', '0', '0', '0', '0', '1', '0', '0', '12', '0', '0', '0', '0', '0', '0', '0', '0', '0', '2', '0', '0', '0', '0', '0', '0', '0', '0', '0']| |['2018.01.12 16:42:13', '2018.01.12 16:42:13', '2018.01.12 16:42:11', '2018.01.12 16:42:11', '2018.01.12 16:42:10', '2018.01.12 16:42:07', '2018.01.12 16:42:06', '2018.01.12 16:42:06', '2018.01.12 16:42:05', '2018.01.12 16:42:04', '2018.01.12 16:42:04', '2018.01.12 16:42:02', '2018.01.12 16:42:01', '2018.01.12 16:42:01', '2018.01.12 16:42:00', '2018.01.12 16:41:59', '2018.01.12 16:41:58', '2018.01.12 16:41:58', '2018.01.12 16:41:56', '2018.01.12 16:41:55', '2018.01.12 16:41:54', '2018.01.12 16:41:53', '2018.01.12 16:41:53', '2018.01.12 16:41:51', '2018.01.12 16:41:50', '2018.01.12 16:41:50', '2018.01.12 16:41:48', '2018.01.12 16:41:48', '2018.01.12 16:41:47', '2018.01.12 16:41:47', '2018.01.12 16:41:46', '2018.01.12 16:41:45', '2018.01.12 16:41:44', '2018.01.12 16:41:42', '2018.01.12 16:41:40', '2018.01.12 16:41:40', '2018.01.12 16:41:39', '2018.01.12 16:41:39', '2018.01.12 16:41:39', '2018.01.12 16:41:37', '2018.01.12 16:41:36', '2018.01.12 16:41:36', '2018.01.12 16:41:35', '2018.01.12 16:41:34', '2018.01.12 16:41:32']|
|['3536180', '3536179', '3536178', '3536177', '3536176', '3536174', '3536173', '3536171', '3536170', '3536168', '3536167', '3536166', '3536165', '3536164', '3536163', '3536162', '3536161', '3536159', '3536158', '3536157', '3536156', '3536155', '3536154', '3536153', '3536152', '3536151', '3536150', '3536149', '3536148', '3536147', '3536146', '3536145', '3536144', '3536142', '3536141', '3536140', '3536139', '3536138', '3536137', '3536136', '3536135', '3536134', '3536133', '3536132', '3536131']| |['기사가 떠난 장에 남아 아웅다웅하는 장이넼ㅋㅋㅋㅋ[2]\n', '널뛰기장 이제 지긋지긋해서 시골로 이사갈려는데 \n', '####에이다개뜩상중●●●\n', '네이버뉴스에서 문재인 욕하면 귀신같이 삭제당하네[1]\n', '입출금 금지됬다고 글쓰는사람 특징\n', '코인 싹 털고 대부업 차릴려는데\n', '빗썸이 이오스타라고 기회주고 있는거다\n', '떡락충들 ㅋ선동안당한다ㅋ\n', '몇일전에도 도배햇을때 떡락왓다~~ㄹㅇ 튀어라 난떡락전에만 도배하니까 ㅌㅌ\n', '리플은 리플코인을 쓰는게 아니라서 안올라\n', '언데까지 이런 저가튼 저점횡보장임?\n', '코인판 떠나련다 -70%\n', '이오스 김프 9% 실화냐 ??[1]\n', '단타충 3명 500씩 구제간다[11]\n', '아인 스캠 산 흑우 없재?\n', '널뛰기장 이제 지긋지긋해서 시골로 이사갈려는데 [1]\n', '기자새끼들 저가 사려고 막 싸지르네\n', '스텔라 아직도 마니너스 못메꿈[1]\n', '수익 인증 하는 애들 특징\n', ' 당장 가상계좌발급 중단 하고 15일 부터 추가입금도 불가!!!!!\n', '스텔라 지폐가즈아아아![1]\n', '펙트 하나 남겨준다. 내일부터 비트 채굴풀들 매도 시작할거다.[1]\n', '손해 제일 많이 본 새끼한테 100만원 준다[11]\n', '청원빌리 동참합시다 12만명다됨 이제곧 목표치도달\n', '엔엑\n', '스텔라 바이낸스 오천사토시 돌파한다\n', '뭐? 비트코인이 허구의 돈이라고? ㅈㄹ하네 인증샷이다 떡상이유다[2]\n', '진짜 ㅂㅅ들이 확인되지않는 기레기에놀아나네\n', '떡락무새에 현혹되어 손절하는 흑우있을랑가? ㅋㅋ\n', '퀀텀 안정감 최악이넹ㅋㅋㅋㅋㅋㅋㅋㅋㅋㅋㅋㅋㅋㅋㅋ[2]\n', '리플 29층 깨진다 ㅠ 존버해야되냐?[3]\n', '시발 존버중인데  거래소 폐쇄한데 나 한강기야하나?[1]\n', '기자새끼들 저가 사려고 막 싸지르네\n', '코인이 도박질?? 문빠들아 봐라\n', '리플 지금타면 물린다 ㅋㅋㅋㅋㅋ\n', 'ㅋㅋㅋ 똥값 국내 비트코인 다 사서\n', '하 나도이제 기부좀 하련다 20명간다[4]\n', '15일부터 순차적으로 당분간\n', '금융위 4시30분부터 은행권 실무자들 소집회의 내용, 기사첨부[2]\n', '[속보] 기재부, 비트코인 원화 거래 막는다 ㅋㅋㅋㅋㅋㅋㅋㅋㅋㅋ.gisa\n', '저점에서 구경만 하던 떡락무새들 어지간히도 배 아픈갑네 ㅋㅋㅋㅋㅋㅋㅋㅋㅋ\n', '댓글 아까 3개밖에 안달렷다 0.005비트 12명간다[31]\n', '아 ㅅ발 리플 팔아야된다고 빗썸 씨바ㅏㅏㅏㅏㄹㄹㄹㄹㄹ!!!!!!!!!!![1]\n', '세력눈에 이오스는 최후의 뜯어먹을판인가\n', '리플은 챠드가 ㅋㅋ 기사가 초보운전이냐 존나천처히몰았네\n']| |['52', '49', '104', '45', '155', '74', '117', '31', '29', '82', '20', '108', '77', '117', '36', '90', '43', '104', '130', '215', '62', '202', '204', '19', '45', '52', '442', '45', '30', '232', '88', '95', '36', '101', '85', '197', '127', '104', '257', '752', '89', '824', '151', '93', '87']| |['0', '0', '0', '2', '1', '0', '0', '0', '0', '0', '0', '0', '0', '0', '0', '0', '0', '0', '0', '0', '0', '0', '0', '0', '0', '0', '1', '0', '0', '0', '0', '0', '0', '1', '0', '0', '0', '0', '0', '2', '0', '22', '0', '0', '0']| |['2018.01.12 16:41:34', '2018.01.12 16:41:32', '2018.01.12 16:41:32', '2018.01.12 16:41:29', '2018.01.12 16:41:26', '2018.01.12 16:41:25', '2018.01.12 16:41:24', '2018.01.12 16:41:23', '2018.01.12 16:41:22', '2018.01.12 16:41:21', '2018.01.12 16:41:21', '2018.01.12 16:41:21', '2018.01.12 16:41:21', '2018.01.12 16:41:20', '2018.01.12 16:41:20', '2018.01.12 16:41:15', '2018.01.12 16:41:13', '2018.01.12 16:41:10', '2018.01.12 16:41:09', '2018.01.12 16:41:04', '2018.01.12 16:41:07', '2018.01.12 16:41:05', '2018.01.12 16:41:05', '2018.01.12 16:41:05', '2018.01.12 16:41:04', '2018.01.12 16:41:04', '2018.01.12 16:41:02', '2018.01.12 16:41:02', '2018.01.12 16:41:01', '2018.01.12 16:40:59', '2018.01.12 16:40:56', '2018.01.12 16:40:56', '2018.01.12 16:40:55', '2018.01.12 16:40:54', '2018.01.12 16:40:51', '2018.01.12 16:40:50', '2018.01.12 16:40:50', '2018.01.12 16:40:49', '2018.01.12 16:40:46', '2018.01.12 16:40:44', '2018.01.12 16:40:39', '2018.01.12 16:40:37', '2018.01.12 16:40:36', '2018.01.12 16:40:34', '2018.01.12 16:40:35']|
|['3536130', '3536129', '3536128', '3536127', '3536126', '3536125', '3536123', '3536122', '3536121', '3536120', '3536119', '3536118', '3536117', '3536116', '3536115', '3536114', '3536112', '3536111', '3536110', '3536109', '3536108', '3536107', '3536105', '3536104', '3536101', '3536099', '3536098', '3536097', '3536096', '3536095', '3536094', '3536093', '3536092', '3536091', '3536090', '3536088', '3536087', '3536086', '3536085', '3536084', '3536083', '3536082', '3536081', '3536080', '3536079']| |['리플 타면 절대 안되는이유다\n', '점점 고점 낮아지고 있다.. 설겆이 당하지마[1]\n', '야 이거 분위기 심상치 않다 진심...\n', '슨트 우리 슨트 달릴 준비중\n', '법무부 오늘 오후 6시 가상화폐 관련 중대발표.gisa[2]\n', '이오스님 갑시다!!!\n', '가서 달창단 댓글에 비추박어라 \n', '슨트 오전 542일때 올린글[6]\n', '부탁드립니다\n', '이오스 타지 마 ㅂㅅ들아\n', '네오 많이 빠지네..역시 오늘 네오는 거품이었어..\n', '더민주, 코인판 흔들기에 뿔난 민심?![5]\n', '이오스 속지 좀 마랔ㅋㅋㅋㅋㅋㅋㅋㅋㅋㅋㅋㅋㅋㅋㅋㅋㅋ[3]\n', '★ 떡락무새들 자극적인 제목의 선동기사로 여론몰이중 ㅋㅋㅋㅋㅋ ★[1]\n', '이오스 16,000 가즈아~\n', '이오스 12.4층 시드 2천인데 익절할까 말까[2]\n', '이새끼들 ㄹㅇ글 내용에 계좌번호만 들어가 있으면[1]\n', '이오스 언제타야해?????[1]\n', '이오스로 풀매수 가즈아 ㅋㅋㅋㅋㅋㅋㅋㅋ\n', '[링크] 강경발언했던 금융위가 6개은행과 실명제 도입문제없는지 검토중인듯[1]\n', '조금 벌긴했지만 일단 벌어서.... 댓글중에 3명만구제합니다.[14]\n', '원화마켓은 호구 오길 기다리고[1]\n', '여기근데 진짜 구걸해서 먹은놈 있냐 ?[1]\n', '이니그마 어때 보이냐\n', '야 나도 뭔가 -20 30 퍼면 마음이 편하고 오히려 +20 30[2]\n', '스텔라 화력 멈췄네 ㅋㅋㅋ ㅅㅂ\n', '김프 살짝씩 빠지고있긴하다\n', '정보하나준다...\n', '야 입출금금지떴다 씨발 빨리 빼라\n', '박지성 어머니 영국에서 교통사고로 사망...[1]\n', '아이젝 130퍼이런거 뛰어드는병신새끼들 때문에 재앙이가 도박판으로 규제할명분이생김\n', '이오스로 14퍼 수익냇다 ㅅㅂㅋㅋㅋㅋㅋㅋ\n', '코네 입금 언제되누\n', '지금손절본 흑두루미있냐?\n', '몇일전에도 도배햇을때 떡락왓다~~ㄹㅇ 튀어라 난떡락전에만 도배하니까 ㅌㅌ\n', '이오스가 김치 자본이 폭발못하는 이유가 뭐냐면[1]\n', '흐른다...... 일단 팔고 대피해라\n', '해외 이오스 13.2불 돌파직전 ㅋㅋㅋㅋ\n', '주말에 떡상각이다. 줍줍 안하면 후회한다.\n', '사진 두개로 니네 돈 다 빼게 해준다.[9]\n', '담백하다 담백해\n', '스테이더스네트워크 910원에 물렸다....[2]\n', '신규 회원 시스템 준비한단다 소리질러~~[2]\n', '떡락충 단타충들 점점 발전한다 ㅋ\n', '진짜 좆같네 폐지된다는거냐 만다는거냐??[1]\n']| |['241', '95', '201', '62', '487', '35', '14', '367', '23', '117', '85', '256', '271', '147', '33', '124', '102', '92', '45', '215', '97', '87', '80', '69', '164', '109', '38', '104', '223', '203', '130', '161', '28', '60', '44', '337', '81', '50', '86', '592', '126', '228', '438', '122', '132']| |['0', '0', '1', '0', '0', '0', '0', '0', '0', '0', '0', '0', '0', '0', '1', '0', '0', '0', '0', '0', '2', '0', '0', '0', '0', '0', '0', '0', '0', '0', '0', '0', '0', '0', '0', '0', '0', '0', '0', '3', '0', '0', '0', '0', '0']| |['2018.01.12 16:40:34', '2018.01.12 16:40:32', '2018.01.12 16:40:33', '2018.01.12 16:40:31', '2018.01.12 16:40:31', '2018.01.12 16:40:31', '2018.01.12 16:40:30', '2018.01.12 16:40:28', '2018.01.12 16:40:27', '2018.01.12 16:40:25', '2018.01.12 16:40:24', '2018.01.12 16:40:22', '2018.01.12 16:40:22', '2018.01.12 16:40:21', '2018.01.12 16:40:19', '2018.01.12 16:40:18', '2018.01.12 16:40:17', '2018.01.12 16:40:16', '2018.01.12 16:40:15', '2018.01.12 16:40:14', '2018.01.12 16:40:13', '2018.01.12 16:40:12', '2018.01.12 16:40:11', '2018.01.12 16:40:10', '2018.01.12 16:40:06', '2018.01.12 16:40:05', '2018.01.12 16:40:03', '2018.01.12 16:40:03', '2018.01.12 16:40:02', '2018.01.12 16:40:01', '2018.01.12 16:39:55', '2018.01.12 16:39:55', '2018.01.12 16:39:54', '2018.01.12 16:39:54', '2018.01.12 16:39:52', '2018.01.12 16:39:47', '2018.01.12 16:39:47', '2018.01.12 16:39:46', '2018.01.12 16:39:45', '2018.01.12 16:39:42', '2018.01.12 16:39:42', '2018.01.12 16:39:38', '2018.01.12 16:39:38', '2018.01.12 16:39:37', '2018.01.12 16:39:34']|
|['3536078', '3536077', '3536076', '3536075', '3536074', '3536072', '3536071', '3536070', '3536069', '3536068', '3536067', '3536066', '3536065', '3536064', '3536063', '3536061', '3536060', '3536057', '3536056', '3536055', '3536054', '3536053', '3536052', '3536051', '3536050', '3536049', '3536048', '3536047', '3536046', '3536045', '3536044', '3536043', '3536042', '3536041', '3536040', '3536039', '3536038', '3536036', '3536034', '3536033', '3536032', '3536030', '3536029', '3536027', '3536026']| |['일단 6시되면 풀매수 가야겠다 공무원새끼들 퇴근하면 ㅋㅋㅋㅋㅋㅋㅋㅋㅋㅋㅋ\n', '사실 1일 종가로 치면 얼마떨어지지도 않은거잖아\n', '요즘 자한당 하는짓거리보면 차리리 북 조선노동당이 더 낫지 않냐?\n', '일단빼잩ㅌㅌㅌㅌㅌㅌㅌ[1]\n', '리플 왜 안오르는거냐? 호재 대형급 아니냐? 진심 궁금하다..[5]\n', '지금 금융위에서 진행중인 4시 회의 내용 예상.real[1]\n', '빛이더 심상찮아 매집중\n', '시아코인 악재있냐 왜 혼자 파란불이노 딩신같이 내가사서 그런가[1]\n', '[속보]가짜화폐 거래소 입출금 전면 금지![1]\n', '이오스 해외 만사천원이네 미친거 아니냐\n', '떡락무새~~저점못잡 개백수돼지새끼들ㅋㄲ\n', '대비해라 상승장이라도 김프 빼고처올리지\n', '비트고인 340억 수익 인증하신분께..[3]\n', '도망가랄때 도망가라 노름은 종교가 아니다[1]\n', 'ㅆㅂ 업빗에 스텔라 4만원묶여서 매도못함[1]\n', '대피하라 대피하라ㅋㅋㅋㄱㅋㅋㅋㅋㅋ\n', '얘들아 10퍼일때 매도했는데 채결이안된상태로 7퍼됨[5]\n', '피도 눈물도 없는 새끼들. 밑에 돈 좀 잃었다 하면 위로 좀 해줘라[1]\n', '싯팔 그래서 사야되냐 말아야되냐???\n', '스텔라 지폐간다 출동\n', '빗갤럼들아5천원 5명 한번더간다[18]\n', '이번 주말 무조건 쏜다고 보면 되지않냐???????????????????\n', '리플은 절대타면안되는이유[1]\n', '에이다 전망좀 알려주십쇼\n', '아이젝 탄사람 있냐?[1]\n', '씻팔 아 뉴스나오내 은행정지 씻팔 물렷네 아오[3]\n', '비트코인=돌멩이라던 놈들 나와봐라ㅋㅋ\n', '이오스 호재 기사 떴다 ㅋㅋ 1분전기사 \n', '스피어 어캄?\n', '아다 지원좀 부탁드려요..\n', '기자새끼 대가리 즈엉상?[3]\n', '눈치게임 일!![2]\n', '크리스마스때 떡락보다 더한떡락온다 ㅌㅌㅌㅌㅋㅋㅋ[3]\n', '매도 안되는거 오류지그냥?[1]\n', '지금 상승장 속도는 느리게 느껴지지만 상승장은 맞음\n', '구걸하는 행운☆아 너 찐 행운아니잖아 ㅋㅋ 캡쳐해서 파일 보낼예정 ㅅㄱ\n', '이오스 200원단타 5번성공했다 계좌적어라[12]\n', '슨트 달릴준비중\n', '몇일전에도 도배햇을때 떡락왓다~~ㄹㅇ 튀어라 난떡락전에만 도배하니까 ㅌㅌ\n', '내애미요~~~저 여기서 선동질알바 하구 있으요~\n', '코인으로 1조원 벌었다...[11]\n', '리플 존버~!! 30층 돌파할거다~!!!\n', '이오스해외13달러 다졌다.\n', '떡등하는거만 보면 극도의 스트레스를 받음[3]\n', '점점 고점이 낮아지고 있다는 느낌이 안드니...[1]\n']| |['99', '33', '49', '99', '264', '278', '76', '179', '261', '114', '25', '59', '259', '134', '139', '77', '119', '43', '30', '67', '185', '128', '283', '89', '192', '247', '136', '276', '87', '37', '262', '58', '192', '37', '60', '47', '178', '72', '38', '21', '213', '67', '77', '154', '153']| |['0', '0', '0', '0', '0', '1', '0', '0', '0', '0', '0', '0', '0', '0', '0', '0', '0', '0', '0', '0', '4', '0', '0', '0', '0', '1', '0', '0', '0', '0', '1', '0', '0', '0', '1', '0', '7', '0', '0', '0', '0', '0', '0', '1', '0']| |['2018.01.12 16:39:34', '2018.01.12 16:39:33', '2018.01.12 16:39:33', '2018.01.12 16:39:32', '2018.01.12 16:39:31', '2018.01.12 16:39:27', '2018.01.12 16:39:26', '2018.01.12 16:39:25', '2018.01.12 16:39:24', '2018.01.12 16:39:22', '2018.01.12 16:39:21', '2018.01.12 16:39:18', '2018.01.12 16:39:17', '2018.01.12 16:39:14', '2018.01.12 16:39:14', '2018.01.12 16:39:13', '2018.01.12 16:39:13', '2018.01.12 16:39:11', '2018.01.12 16:39:11', '2018.01.12 16:39:10', '2018.01.12 16:39:06', '2018.01.12 16:39:06', '2018.01.12 16:39:04', '2018.01.12 16:39:03', '2018.01.12 16:39:03', '2018.01.12 16:39:02', '2018.01.12 16:39:00', '2018.01.12 16:39:01', '2018.01.12 16:39:00', '2018.01.12 16:38:57', '2018.01.12 16:38:56', '2018.01.12 16:38:56', '2018.01.12 16:38:54', '2018.01.12 16:38:54', '2018.01.12 16:38:52', '2018.01.12 16:38:52', '2018.01.12 16:38:51', '2018.01.12 16:38:49', '2018.01.12 16:38:49', '2018.01.12 16:38:48', '2018.01.12 16:38:45', '2018.01.12 16:38:42', '2018.01.12 16:38:41', '2018.01.12 16:38:38', '2018.01.12 16:38:38']|
|['3536027', '3536026', '3536025', '3536024', '3536023', '3536022', '3536021', '3536019', '3536018', '3536017', '3536016', '3536015', '3536014', '3536013', '3536012', '3536011', '3536010', '3536009', '3536008', '3536007', '3536006', '3536005', '3536003', '3536002', '3536001', '3536000', '3535999', '3535998', '3535997', '3535996', '3535995', '3535994', '3535993', '3535992', '3535991', '3535987', '3535988', '3535986', '3535985', '3535983', '3535981', '3535980', '3535979', '3535978', '3535977']| |['떡등하는거만 보면 극도의 스트레스를 받음[3]\n', '점점 고점이 낮아지고 있다는 느낌이 안드니...[1]\n', '튀어 이 빙싄들아 ;; 또 패닉 오면 팔지도 못한다고\n', '리플 4700원 가즈아\n', '엔엑 탈출 작전이라도 무조건 타야하는 이유[3]\n', '대장으로 단타치는 사람?[2]\n', '어차피 김프 빠지고오를텐데 내릴거 알고있지않음?\n', '해외비트 다시오른다\n', '법무부 "가상화폐 거래소 폐지관련 SNS 사실과 무근"\n', '[속보] 법무부, 21일부터 모든 가상화폐 제한 ㅋㅋㅋㅋㅋㅋ.gisa [5]\n', '몇일전에도 도배햇을때 떡락왓다~~ㄹㅇ 튀어라 난떡락전에만 도배하니까 ㅌㅌ\n', '코인 더빙 또 나왔닼ㅋㅋㅋㅋㅋㅋㅋㅋ[1]\n', '단타의 신... 『 영 접 』[1]\n', '지금 최후의 설거지인거 알지 ㅋㅋ? 시그널 보고 가라 ㅋㅋ\n', '스텔라 984층 구조 오나요?\n', '★ 떢락무새들 저점 못잡아서 배아프다고 선동기사 들고 등장 ㅋㅋㅋㅋㅋㅋㅋ\n', '스텔라 910까지 떨어뜨려놔라 \n', '전종목 떡락중 ㅋㅋㅋㅋㅋㅋㅋ 전종목 떡락중 ㅋㅋㅋㅋㅋㅋㅋ[1]\n', '리플 정보공유 및 정보분석 단톡방\n', '15명 0.005 비트개추박아라[8]\n', '몇일전에도 도배햇을때 떡락왓다~~ㄹㅇ 튀어라 난떡락전에만 도배하니까 ㅌㅌ[1]\n', '머장 또흐른다 전군대피 ㅋㅋㅋㅋㅋㅋㅋㅋㅋㅋㅋㅋㅋㅋㅋㅋ\n', '아슨스 오늘 단타치지말고 스윙해라 좆되는각이다 투더문확정[1]\n', '폐쇄가 어쩌고 지랄하는 새끼들 저점에서 못 주워서 발광하네 ㅋㅋㅋㅋㅋㅋㅋ\n', '가상화폐 거래자 5년 이하 징역‧5000만 원 이하 벌금 법안 준비 중…[7]\n', '해외머장 한참 전부터 횡보 오지는데 한국은 김프로 강제 상승장 만드네ㅋㅋ\n', '몇일전에도 도배햇을때 떡락왓다~~ㄹㅇ 튀어라 난떡락전에만 도배하니까 ㅌㅌ\n', '아직도 모르겠냐? 이게 다 김프빼고 건강하게 4차산업 육성하려는....[1]\n', '리플 씹호재 뜬 거 치고는 별로 상승각 없네????[2]\n', '시발... 1600층때 50만원 넣었는데 이제 51만원 몇천원이네..ㅅㅂ\n', '현금화할애들은 하고 코인판 접을애들은 접어[1]\n', '정부한테 선동될필요없다 일그지같이 하는거 하루이틀 아님\n', '리플 아직 횡보다 당연히 상승일텐데 어여 타라.\n', '나진짜 궁금한거 하나만 물어보자 답변좀\n', '버지 존버러드라 버지 호재 남았냐[1]\n', '형들 코린이인데 존버vs계속 사고팔기[1]\n', '야 진짜 궁금해서그러는데 이게 찌라시라고?\n', '떡락무새들 말듣고 내린애들 배아파서 어쩌냐 ㅋㅋㅋㅋㅋㅋㅋㅋㅋㅋㅋㅋㅋㅋㅋㅋ\n', '아인 물리면 자살하면되는거지?\n', '이오스 천천히 올라서 넘 좋다\n', '허리디스크로 회사 짤리고 3살아들과 힘들게 사는사람 인증하면 250쏩니다[2]\n', '해외 이오스 또 떡상 ㅋㅋㅋ\n', '휴지끈 긴분들 딸잡고 잠이나자려는데 아끼는 작품 품번있냐?\n', '5 10 선착 개추 사연 념글 [10]\n', '얼릉피해 뉴스떳다[1]\n']| |['154', '153', '54', '94', '485', '83', '50', '77', '353', '803', '43', '201', '162', '179', '50', '66', '130', '125', '109', '46', '36', '31', '77', '47', '396', '51', '34', '149', '216', '190', '214', '32', '102', '91', '204', '306', '273', '78', '58', '102', '125', '133', '50', '78', '419']| |['1', '0', '0', '0', '0', '0', '0', '0', '0', '1', '0', '1', '0', '1', '0', '0', '0', '0', '0', '5', '0', '0', '0', '1', '0', '0', '0', '0', '0', '0', '0', '0', '0', '0', '0', '0', '0', '0', '0', '0', '0', '0', '0', '6', '0']| |['2018.01.12 16:38:38', '2018.01.12 16:38:38', '2018.01.12 16:38:36', '2018.01.12 16:38:34', '2018.01.12 16:38:35', '2018.01.12 16:38:34', '2018.01.12 16:38:29', '2018.01.12 16:38:29', '2018.01.12 16:38:27', '2018.01.12 16:38:24', '2018.01.12 16:38:22', '2018.01.12 16:38:22', '2018.01.12 16:38:22', '2018.01.12 16:38:20', '2018.01.12 16:38:19', '2018.01.12 16:38:19', '2018.01.12 16:38:17', '2018.01.12 16:38:16', '2018.01.12 16:38:15', '2018.01.12 16:38:15', '2018.01.12 16:38:14', '2018.01.12 16:38:14', '2018.01.12 16:38:10', '2018.01.12 16:38:08', '2018.01.12 16:38:07', '2018.01.12 16:38:05', '2018.01.12 16:38:04', '2018.01.12 16:37:59', '2018.01.12 16:37:56', '2018.01.12 16:37:56', '2018.01.12 16:37:54', '2018.01.12 16:37:54', '2018.01.12 16:37:47', '2018.01.12 16:37:50', '2018.01.12 16:37:49', '2018.01.12 16:37:43', '2018.01.12 16:37:43', '2018.01.12 16:37:41', '2018.01.12 16:37:40', '2018.01.12 16:37:38', '2018.01.12 16:37:37', '2018.01.12 16:37:35', '2018.01.12 16:37:36', '2018.01.12 16:37:29', '2018.01.12 16:37:29']|
|['3535976', '3535975', '3535973', '3535972', '3535971', '3535970', '3535969', '3535968', '3535967', '3535965', '3535964', '3535963', '3535962', '3535961', '3535959', '3535958', '3535957', '3535956', '3535955', '3535954', '3535953', '3535952', '3535950', '3535949', '3535948', '3535947', '3535946', '3535945', '3535944', '3535943', '3535942', '3535939', '3535938', '3535937', '3535935', '3535934', '3535933', '3535932', '3535931', '3535930', '3535929', '3535928', '3535927', '3535926', '3535925']| |['기사떳다!\n', '비트코인 국가가 다 몰수해라\n', '가상계좌 차단 떴다 ㅋㅋㅋㅋㅋㅋㅋㅋㅋ[1]\n', '교촌치킨 쿠폰 쏜다 이메일적어라ㅇㅇ[8]\n', '사직도 안탄 혹우\n', '형님들 살살하지요? 민주행님들 쫄았잖아요.\n', '★루머에 사고 뉴스에 팔아라★루머에 사고 뉴스에 팔아라★루머에 사고 뉴스\n', '패미니스트 코인으로 패미니즘에 동참해라[33]\n', '가상화폐 사실상 거래중단 선언 떴다!!!![1]\n', '제발 이오스 김프좀껴라!!!!\n', '개추필요없다 딱선착4명5000원간다[6]\n', '★루머에 사고 뉴스에 팔아라★루머에 사고 뉴스에 팔아라★루머에 사고 뉴스\n', '대중슨텔라 떡상이닫ㄷㄷㄷㄷㄷㄷㄷㄷㄷㄷㄷㄷ 가즈아\n', '지금 도는 얘기들 찌라시라고 자기 그만떄리레 ㅋㅋㅋㅋㅋㅋㅋㅋ\n', '이오스 전세계가 오를수밖에 없는 eu\n', '지난 4월부터 시작해서 100비트로 불렷다. 선착순 20명 코인준다 와라[9]\n', '아인 vs  아다 승자는[1]\n', '이오스 해외 계속 오름 ㅡㅡ\n', '퀀텀 113층 언제 오냐[1]\n', '이클 괜찮은데 왜이리 거래량이 적냐?\n', '아무리 어려워도 여기서 통장계좌 함부로 벌리는거 아니다......[2]\n', '손절한 새끼들 ...\n', '일확천금 노리고 스피어 1억 투자했습니다 많이 많이 투자해주세요[1]\n', '정부 ㅈ같이 일하네\n', '찌라시 선동 ㅋㅋㅋ 저점 풀매수충들이다\n', '담주 상승장되니 걍 안심하고 타라 존버들아\n', '구제간다 20명 10만씩 사연좀적어봐라[20]\n', '오늘 비트코인으로 돈 벌었다는거 배아프다는 친구놈한테 팩폭함[1]\n', '비트코인도박중독새퀴들아 신한은행까지 폐쇄선언했다[1]\n', '진짜 니네들은 친구 잘만나라 치사한새끼 존나많다 [4]\n', '올라가는거 구경하면서 선동질 하는애들 불쌍ㅋㅋ\n', '슨트 저번 펌핑때랑 분위기같네 ㅋㅋㅋ팔면 후회하는각ㅋㅋㅋㅋㅋㅋㅋㅋㅋㅋㅋㅋ\n', '코인으로 983742경 2494899조 39999999999999 벌었다[4]\n', '깜빵 가즈아!@\n', '애초에 코인가격 세력이 정하는거지 병신들\n', '비캐 280에서 추락했을때 몰려가서 청원할때부터 이럴것 같드라[1]\n', '킹더리움 탔냐 편안한느낌어때?[2]\n', '떡락이라고? 걱정하지마라\n', '결국 폐쇄가 안된다면 신규유입전 펌핑 존나할거다[2]\n', '리플은 2월달에는 만원은 갈거 같다.\n', '해외 이오스는 또 오르네 시발 ㅋㅋㅋ\n', '기사떳다병신드라[1]\n', '아이젝 85층 안-락 ^^\n', '좉됐다 ㄷㄷㄷㄷㄷㄷㄷㄷㄷ\n', '정부의도대로,가상화폐거래 사실상 중단된다.\n']| |['550', '42', '364', '131', '54', '133', '56', '2595', '578', '74', '101', '71', '77', '126', '238', '263', '149', '135', '98', '46', '430', '297', '177', '74', '124', '136', '124', '274', '158', '147', '44', '176', '103', '197', '45', '110', '204', '391', '222', '127', '122', '410', '91', '581', '216']| |['0', '0', '0', '5', '0', '0', '0', '34', '0', '0', '0', '0', '0', '0', '0', '1', '0', '0', '0', '0', '0', '0', '0', '0', '1', '0', '1', '1', '1', '1', '0', '0', '0', '0', '0', '0', '0', '0', '0', '0', '0', '0', '0', '1', '0']| |['2018.01.12 16:37:29', '2018.01.12 16:37:28', '2018.01.12 16:37:27', '2018.01.12 16:37:25', '2018.01.12 16:37:24', '2018.01.12 16:37:23', '2018.01.12 16:37:22', '2018.01.12 16:37:21', '2018.01.12 16:37:20', '2018.01.12 16:37:17', '2018.01.12 16:37:17', '2018.01.12 16:37:14', '2018.01.12 16:37:15', '2018.01.12 16:37:13', '2018.01.12 16:37:10', '2018.01.12 16:37:02', '2018.01.12 16:37:04', '2018.01.12 16:37:00', '2018.01.12 16:36:59', '2018.01.12 16:36:57', '2018.01.12 16:36:58', '2018.01.12 16:36:57', '2018.01.12 16:36:55', '2018.01.12 16:36:55', '2018.01.12 16:36:50', '2018.01.12 16:36:50', '2018.01.12 16:36:47', '2018.01.12 16:36:46', '2018.01.12 16:36:47', '2018.01.12 16:36:46', '2018.01.12 16:36:43', '2018.01.12 16:36:37', '2018.01.12 16:36:37', '2018.01.12 16:36:36', '2018.01.12 16:36:34', '2018.01.12 16:36:33', '2018.01.12 16:36:31', '2018.01.12 16:36:30', '2018.01.12 16:36:28', '2018.01.12 16:36:28', '2018.01.12 16:36:25', '2018.01.12 16:36:23', '2018.01.12 16:36:20', '2018.01.12 16:36:19', '2018.01.12 16:36:19']|
|['3535925', '3535921', '3535920', '3535919', '3535918', '3535916', '3535915', '3535913', '3535912', '3535910', '3535909', '3535907', '3535905', '3535904', '3535902', '3535901', '3535900', '3535898', '3535897', '3535895', '3535894', '3535893', '3535892', '3535891', '3535890', '3535889', '3535888', '3535887', '3535885', '3535884', '3535883', '3535882', '3535881', '3535880', '3535879', '3535878', '3535877', '3535876', '3535875', '3535874', '3535873', '3535872', '3535871', '3535870', '3535869']| |['정부의도대로,가상화폐거래 사실상 중단된다.\n', 'ㅋㅋㅋ 수고해라\n', '떡락무새들아 궁금한게 있다..진심[2]\n', '신나게 주말지낼수있는 코인\n', '[속보,희소식] 가상화폐 거래 불법은 시기상조 재검토 들어가.gisa \n', '김프 꺼지면 좋지.\n', '리플 2300에 샀는데 팔까요 버틸까요[2]\n', '저점다지기 잘견뎌내고 있제\n', '이오스  해외 어제도 올랐다..국내는 안오름[2]\n', '기사 떳는데 안내리는흑우들은무엇?[1]\n', '근데.전체빨간불 들어왔다고 떡상임? 이게 떡상 맞어?[4]\n', '해외 시그널, 단타 정보 무료 공유 중에 있습니다.\u3000\u3000\u3000\u3000\u3000\u3000\u3000\u3000\u3000\u3000\u3000\u3000\u3000\u3000\u3000\u3000\u3000\u3000\u3000\u3000\u3000\u3000\u3000\u3000\u3000\u3000\u3000\u3000\u3000\n', '이오스 호재 찌라시 정리다 ㅇㅇ[2]\n', '개바겐세일아니냐 슨트 800 스텔라 1100이 적정간데\n', '슨트700간다 빨리 타라 곧 대장이랑 디커플링되서 스텔라처럼 혼자 발사함\n', '아이젝 300% 가즈아\n', '킹더리움 오늘 180 갑니까..[2]\n', '퀀텀 88층 희망있냐\n', '달창 보이는 족족 패드립 날려줘라\n', '이오스 풀매수 ㄷㄷㄷㄷㄷ 만원어치 삿다[1]\n', '리플 단기 고점이다 24층에서 다시타는개 상책[1]\n', '평창 올림픽시작하면 이더나 다른 코인에 영향있을까???????[1]\n', '신규거래가입 모두없다[1]\n', '코인충들 이제 출금 못함 엌ㅋㅋㅋㅋㅋㅋㅋㅋㅋㅋㅋㅋㅋㅋㅋㅋㅋㅋㅋㅋㅋㅋㅋㅋ\n', '전 코인 파란불 켜졌다...[2]\n', '스텔라 다시간다\n', '전 코인 파란불 켜졌다...[2]\n', '선동질좀당하지마라\n', '애들 빤쓰런 속도 이제 상상을 초월하네 ㅁㅊㅋㅋㅋㅋㅋㅋㅋㅋㅋㅋㅋㅋㅋㅋㅋㅋ\n', 'ㅇㅇ\n', '그냥시발 진짜 이오스 한달존버해봄 ㅇㅇ\n', '리플 정보공유 및 정보분석 단톡방\n', '비둘기형님 저 알바도 못하고있습니다..\n', '이오스 호재 실화냐\n', '뭐가 떡락이냐 아침에 비해 10%는 평균적으로 올랐네\n', '리플 단타 존나 맛있네 ㅋㅋㅋㅋ\n', '이더 165층 2천만  탓는데 잘한거냐????[2]\n', '법무부 독자적의견아니였음?[1]\n', '떡락무새에 이어 폐지무새 등장 ㅋㅋㅋㅋㅋ\n', '죄수새끼들아 감빵에서 보자잇ㅋㅋㅋㅋㅋ.news[2]\n', '떡락 시작이요 ㅋㅋㅋㅋㅋㅋㅋㅋㅋㅋㅋㅋㅋㅋㅋㅋㅋㅋ빨리 현금화해라 \n', '내 다시는 문정부 지지 안할란다\n', '아인 3100층 오늘 구조대 온다는게 실화입니까 !? !? !? \n', '그래도 문재인 덕분에 전국민 도박꾼 되는건 막음[1]\n', '오늘 5천벌엇다. 5명 30씩 쏜다[16]\n']| |['216', '159', '218', '110', '538', '17', '200', '25', '111', '167', '214', '13', '369', '81', '47', '57', '73', '74', '39', '147', '131', '129', '281', '275', '385', '80', '198', '63', '403', '56', '88', '102', '39', '159', '44', '118', '200', '62', '29', '167', '52', '26', '28', '129', '109']| |['0', '0', '0', '0', '2', '0', '0', '0', '0', '0', '0', '0', '0', '0', '0', '0', '0', '0', '1', '0', '0', '0', '0', '0', '0', '0', '0', '0', '1', '0', '0', '0', '0', '0', '0', '0', '0', '0', '0', '1', '0', '0', '0', '0', '3']| |['2018.01.12 16:36:19', '2018.01.12 16:36:14', '2018.01.12 16:36:14', '2018.01.12 16:36:13', '2018.01.12 16:36:13', '2018.01.12 16:36:13', '2018.01.12 16:36:12', '2018.01.12 16:36:11', '2018.01.12 16:36:10', '2018.01.12 16:36:08', '2018.01.12 16:36:07', '2018.01.12 16:36:06', '2018.01.12 16:36:05', '2018.01.12 16:36:05', '2018.01.12 16:36:06', '2018.01.12 16:36:01', '2018.01.12 16:36:01', '2018.01.12 16:35:59', '2018.01.12 16:35:54', '2018.01.12 16:35:51', '2018.01.12 16:35:49', '2018.01.12 16:35:48', '2018.01.12 16:35:48', '2018.01.12 16:35:47', '2018.01.12 16:35:47', '2018.01.12 16:35:46', '2018.01.12 16:35:45', '2018.01.12 16:35:44', '2018.01.12 16:35:43', '2018.01.12 16:35:42', '2018.01.12 16:35:42', '2018.01.12 16:35:40', '2018.01.12 16:35:39', '2018.01.12 16:35:39', '2018.01.12 16:35:38', '2018.01.12 16:35:38', '2018.01.12 16:35:37', '2018.01.12 16:35:36', '2018.01.12 16:35:36', '2018.01.12 16:35:36', '2018.01.12 16:35:36', '2018.01.12 16:35:35', '2018.01.12 16:35:35', '2018.01.12 16:35:32', '2018.01.12 16:35:32']|
|['3535868', '3535867', '3535866', '3535865', '3535864', '3535863', '3535862', '3535861', '3535860', '3535859', '3535858', '3535857', '3535856', '3535854', '3535853', '3535852', '3535851', '3535850', '3535849', '3535847', '3535844', '3535843', '3535841', '3535840', '3535839', '3535838', '3535837', '3535836', '3535835', '3535833', '3535832', '3535831', '3535829', '3535828', '3535827', '3535826', '3535824', '3535823', '3535822', '3535821', '3535820', '3535819', '3535818', '3535817', '3535816']| |['왜씨앗코인만안오름?\n', '씹새끼들아 뉴스봐라ㅋㅋㅋㅋㅋㅋㅋ돈다빼씨1발!!!ㅋㅋㅋㅋㅋㅋㅋㅋㅋ[1]\n', '15일날 코인판 참여해도 안늦음?[1]\n', '쿠코인으로 이더리움보냈는데 클래식 계좌로넣엇다.[2]\n', '다음 데드캣으로 먹을준비해라\n', '달창 네이버 뉴스 화력지원 앙망한다\n', '버스트 쏜다 ㅃㅇ[3]\n', '다시는 니들한테 정보안준다.[61]\n', '도대체 코인 뉴스마다 끼여서 인터뷰하는 블록체인협회는 뭐하는애들임?[3]\n', '코인으로 21경 31조 4285억 2천 9백 32만원 벌었다. 나눔 간다[15]\n', '얘들아 니들이 지금 먹은건 김프야..\n', '떡상 시점 알려준다. 빨간색 주목\n', '아이젝 오르는 이유 팩트\n', '이오스 김프 먹으러 와라 ㅋㅋ 지금 11%임[1]\n', '아이젝 9500층 이번년도엔 구조대오냐[1]\n', '떡무새들아 그냥 지금 사라 ㅋㅋㅋ\n', '우상향 갈수밖에 없는이유\n', '진짜 보냈다 ㅇㅇ 인증\n', '15명  5천원 개추박아라[1]\n', '저점 다 다졌다 아무거나 타라\n', '4시 회의결과 나왔다 사실상 전면 거래금지다 ㅋㅋㅋㅋㅋ[3]\n', '신한에 이어서 우리 광주 농협은행도 은행정지\n', '버스트 일주일 존버 후기\n', '아니 너네 뭐하냐 \n', '사실 무슨이라고 자기 그만때리란다 ㅋㅋㅋ\n', '아 내가 내렷더니왜그래\n', '떡락떡락 노래부르는 새끼들 특징\n', '진짜 힘든애들있냐? 조금이나마 도와준다[17]\n', '아까내가손모가지랑 발모가지건 놈이다4시터진다고[3]\n', 'ㄹㅇㄹㅇㄹㅇ\n', '떡락충등장했네요\n', '비둘기님이 입장하고 계십니다! 부대차렷!"[3]\n', '뜪뜩뜩뜩뜩뜨어어어어어어어어어억ㄱㄱㄱ라아아아앙ㄱㄱㄱㄱ\n', '슨트 640에 물렸다[2]\n', '빗갤럼들 쫄필요없는게 뉴스 몇시간전부터 났던거다 .. 선동당하지마라 제발\n', '형들 코린이인데 존버vs계속사고팔기[1]\n', '이오스 버거차트봐라 교과서처럼\n', '또저녁되니깐  그지 떡락충들 선동질등장??\n', '스텔라 980층에 물렸는데 오늘안에 구조대오겠지? ㅎㅎ [1]\n', '뭐내 왜또 떨어져 ㅅㅂ\n', '떡락무새=저점못잡은백수\n', '은행 가상화폐서 손뗀다…신한銀 15일부터 입금 금지  ((((지금은빼라 \n', '해외리플 흐른다 튀어라\n', '속보)정부 의도대로, 가상화폐 거래 사실상 중단된다[3]\n', '가상화폐거래 사실상폐지\n']| |['21', '504', '74', '131', '41', '98', '123', '1486', '105', '141', '117', '186', '282', '137', '249', '49', '227', '262', '81', '62', '404', '98', '192', '60', '40', '199', '45', '190', '85', '12', '49', '80', '19', '242', '71', '76', '206', '62', '150', '72', '27', '299', '123', '420', '235']| |['0', '0', '0', '0', '0', '0', '0', '0', '0', '5', '0', '1', '1', '0', '0', '0', '0', '0', '2', '0', '0', '0', '3', '0', '0', '0', '2', '3', '0', '0', '0', '0', '0', '0', '0', '0', '0', '0', '0', '0', '0', '0', '0', '0', '0']| |['2018.01.12 16:35:32', '2018.01.12 16:35:32', '2018.01.12 16:35:31', '2018.01.12 16:35:29', '2018.01.12 16:35:27', '2018.01.12 16:35:23', '2018.01.12 16:35:22', '2018.01.12 16:35:20', '2018.01.12 16:35:20', '2018.01.12 16:35:21', '2018.01.12 16:35:17', '2018.01.12 16:35:17', '2018.01.12 16:35:13', '2018.01.12 16:35:11', '2018.01.12 16:35:10', '2018.01.12 16:35:10', '2018.01.12 16:35:10', '2018.01.12 16:35:09', '2018.01.12 16:35:09', '2018.01.12 16:35:08', '2018.01.12 16:35:06', '2018.01.12 16:35:06', '2018.01.12 16:35:04', '2018.01.12 16:35:01', '2018.01.12 16:35:00', '2018.01.12 16:34:59', '2018.01.12 16:34:59', '2018.01.12 16:34:58', '2018.01.12 16:34:57', '2018.01.12 16:34:55', '2018.01.12 16:34:54', '2018.01.12 16:34:51', '2018.01.12 16:34:48', '2018.01.12 16:34:47', '2018.01.12 16:34:47', '2018.01.12 16:34:48', '2018.01.12 16:34:42', '2018.01.12 16:34:42', '2018.01.12 16:34:41', '2018.01.12 16:34:41', '2018.01.12 16:34:39', '2018.01.12 16:34:38', '2018.01.12 16:34:35', '2018.01.12 16:34:33', '2018.01.12 16:34:32']|
|['3535817', '3535816', '3535815', '3535814', '3535813', '3535812', '3535811', '3535810', '3535809', '3535808', '3535807', '3535806', '3535805', '3535804', '3535802', '3535801', '3535800', '3535799', '3535798', '3535797', '3535796', '3535795', '3535794', '3535793', '3535792', '3535790', '3535789', '3535787', '3535786', '3535785', '3535784', '3535783', '3535782', '3535781', '3535780', '3535779', '3535777', '3535776', '3535775', '3535774', '3535773', '3535772', '3535771', '3535770', '3535769']| |['속보)정부 의도대로, 가상화폐 거래 사실상 중단된다[3]\n', '가상화폐거래 사실상폐지\n', '야 왜 바이낸스가 업비트가 더 비싸냐?\n', '아이잭 무엇?\n', '내가 고팍스 스텔라 1100에물린애들 999에 빠지라고 몇번말햌ㅅ는데\n', '개추)40살 이하 초대남 딱 3명만 구한다[10]\n', '리플 또 질질새죠? ㅋㅋㅋㅋ\n', '김프를 미끼로 설거지 끝~ 꺼어어억~\n', '추락한다....\n', '트론97층입니다. 오늘 우리층 지나갈 것 같은데 맞아?[1]\n', '아니시발 아이젝 뭔데 140퍼 상승했냐\n', '토토는 안잡고 놔두면서 왜 가상화폐만 조질려고 하는건지 [1]\n', '슨트 600대 운지하네\n', '한 마디만 한다. 원화 빼놓고 관망해라.news[3]\n', '시체벽 시팔세킈들아!!!ㅋㅋ\n', '왘ㅋ\n', '스캠 기사좀 보지말고 차트나 봐라\n', '난 비트맨카페 가입일이 2014년인데 ㅋㅋ 무슨말인지알지?[1]\n', '가상화폐회의\n', '오늘 단타로 손절한거 복구햇다 ㅋㅋㅋ\n', "시중은행 가상계좌 정리 움직임에 가상화폐 업계 '패닉'(종합)\n", '해외 머장 머함?\n', '감사합니다 감사합니다 ㅠㅠ\n', '단타 죽이네 ㅋㅋㅋ\n', '지금 오르는거 고아원가기전 마지막 짜장면인거 같다\n', '김프가 코인판을 망치고 있는데 남탓충들 ㅋ\n', '아이젝 사진 않았는데 휴매닉 처럼 가는거아니냐???????????????\n', '이오스 대응[5]\n', '어제부터 뭔가 이상하다고 못느꼈냐?? 돈 다 뺐다[4]\n', '김프시대가 이렇게 저무는구나\n', '설거지당한 호구 읍제?\n', '내가 사면 떨어지고 내가 팔면 오르는 시장에서 돈 딸 수 있는 유일한 팁\n', '머야 지금깻는데 빨간색이보여\n', '탈때 타도 뉴스는 보고타라[4]\n', '난 리플 2956 손절함 2400간다 빨리 내려라[4]\n', '아 ㅅㅂ만원잃었다 ㅈ같네 ㅡㅡ\n', '뉴스가 사실이든 아니든 떡락 한번 시킬듯\n', '이더 조루추락? 저점다지기? 뭐같나?[3]\n', '지금 들어가라 리슨스 지금이다\n', '익절하고 나중에 다시주워 ㅋㅋㅋㅋ\n', '손절충 익절충 모두 큰 돈 못번다\n', '추천안해도된다 단타로 3000원씩 30명 뿌린다 ㅇㅇ[28]\n', '비둘기형님 존경합니다\n', '딱상도 클라스가있다\n', '이오스 앞으로도 계속 오르는 이유 ㅇㅇ[2]\n']| |['420', '235', '49', '113', '145', '292', '281', '43', '45', '193', '78', '34', '53', '382', '25', '10', '59', '110', '93', '69', '396', '52', '58', '75', '43', '22', '100', '409', '681', '165', '56', '66', '19', '348', '116', '43', '55', '171', '76', '65', '96', '166', '36', '152', '366']| |['0', '0', '0', '0', '0', '6', '0', '0', '0', '0', '0', '0', '0', '0', '0', '0', '0', '0', '0', '0', '1', '0', '0', '0', '0', '0', '0', '2', '0', '0', '0', '0', '0', '1', '0', '0', '0', '0', '0', '0', '0', '7', '0', '0', '0']| |['2018.01.12 16:34:33', '2018.01.12 16:34:32', '2018.01.12 16:34:32', '2018.01.12 16:34:31', '2018.01.12 16:34:30', '2018.01.12 16:34:28', '2018.01.12 16:34:27', '2018.01.12 16:34:28', '2018.01.12 16:34:26', '2018.01.12 16:34:26', '2018.01.12 16:34:24', '2018.01.12 16:34:25', '2018.01.12 16:34:25', '2018.01.12 16:34:22', '2018.01.12 16:34:19', '2018.01.12 16:34:18', '2018.01.12 16:34:18', '2018.01.12 16:34:18', '2018.01.12 16:34:17', '2018.01.12 16:34:16', '2018.01.12 16:34:16', '2018.01.12 16:34:15', '2018.01.12 16:34:15', '2018.01.12 16:34:14', '2018.01.12 16:34:14', '2018.01.12 16:34:12', '2018.01.12 16:34:12', '2018.01.12 16:34:09', '2018.01.12 16:34:06', '2018.01.12 16:34:06', '2018.01.12 16:34:05', '2018.01.12 16:34:05', '2018.01.12 16:34:04', '2018.01.12 16:34:04', '2018.01.12 16:34:03', '2018.01.12 16:34:03', '2018.01.12 16:34:01', '2018.01.12 16:33:56', '2018.01.12 16:33:56', '2018.01.12 16:33:55', '2018.01.12 16:33:54', '2018.01.12 16:33:53', '2018.01.12 16:33:53', '2018.01.12 16:33:52', '2018.01.12 16:33:53']|
|['3535770', '3535769', '3535768', '3535767', '3535766', '3535765', '3535764', '3535763', '3535762', '3535760', '3535757', '3535756', '3535755', '3535753', '3535752', '3535751', '3535750', '3535749', '3535748', '3535747', '3535746', '3535745', '3535744', '3535742', '3535740', '3535739', '3535737', '3535736', '3535735', '3535734', '3535733', '3535732', '3535731', '3535730', '3535729', '3535727', '3535726', '3535725', '3535724', '3535722', '3535721', '3535720', '3535719', '3535717', '3535718']| |['딱상도 클라스가있다\n', '이오스 앞으로도 계속 오르는 이유 ㅇㅇ[2]\n', '떡락무새 놈들한테 선동되지마세요. 자다와서 배아파서 그런겁니다\n', '끝났네 또 살살 녹는다 여기서 또 기레기 하나 또 터뜨리고[1]\n', '편의점 도시락이 너무 묵고싶어요 ㅠㅠ[1]\n', '코린이 5일차 시드 200으로 80이득![3]\n', '스텔라 초장기적으로 봐도 2000원 정도밖에 안되겠지?[1]\n', '리플 개흐르죠??[1]\n', '뭔 기사떳냐?? 알려줘\n', '스텔라 고층에 물린 흑우덜 없제??ㅋㅋㅋㅋㅋ\n', ' 비트코인은 인기있는데 토토는 왜 인기가 없는거냐[4]\n', '떠윽락ㅋㅋㅋ내가 김프50퍼라고 했제?[2]\n', '이노스 4일봉 무엇???\n', '아니 무슨 기사가 뜨고 뭐때문에 또 떡락이냐???? 아는사람 얘기좀해봐 [1]\n', '오늘 12일이니까 12명 5만원씩 간다[27]\n', '이제 회복장인거야? 들어가두돠냐?\n', '수수료 천원 아낄라고 돈 안빼냐? 출금부터해야지\n', '비트코인 정확히 투자를 어디에다 하는거야?[5]\n', '아 시발 아이젝 존나 지옥가네[1]\n', '정부발표 20일전까지는 무조건 오르냐?\n', '기사 링크좀\n', '이더리움 이새키는 남들 오를때 모하누?ㅋㅋ\n', '와 누구냐 100만쏜거 누구냐 ㅋㅋㅋㅋㅋ[2]\n', '니네.. 넘한거 아니냐\n', '이오스가 머야?\n', '잘묵었습니딘\n', '스텔라 떡락가즈아 ㅋㅋㅋㅋㅋㅋㅋㅋㅋㅋㅋㅋㅋㅋㅋㅋ\n', '아이젝 오늘 300% 간다 ㅋㅋㅋㅋ봐라[1]\n', '이 기사 떠서 오르고 있었구나..\n', '시체교환식 ㅅㄱ\n', '슨트 60층위에없제?ㅋㅋㅋㅋㅋㅋㅋㅋㅋㅋㅋㅋㅋㅋㅋㅋㅋㅋㅋㅋㅋ[1]\n', '이오스 타면 안되는 이유[1]\n', '스텔라 지난 3일간 35프로떨어진거에비하면 떡상도아닌거 아니냐?\n', '김프 > 역프까지 고속도롭니다앙 ㅋㅋㅋㅋ\n', '세력들이 탈출기회준거였구만\n', '3천에 몇번을 미끄러지는거야 씨발진짜\n', '속보) 십분전 따끈한 기사다.. 다시한번 떡락 가즈아~!~!~[7]\n', '현실적으로 3000원뿌림ㅋㅋ[2]\n', '이오스 오늘 단타로 300 벌었다 꺼어어어어억[3]\n', '사실상 김프만큼 다들 먹었다고 생각하면 되겠다\n', '근데 이오스 안티 왜캐 많은거임?[1]\n', '이오스 한달만에 15000에서 헐떡거리고 있는데[1]\n', '오늘 빗썸에 실제로 정부관계자들와서 세력장난치는거보고갔다더라\n', '이더리움 모네로 태웠는데 귀신같이[1]\n', '2013년 쯤 부터 비트코인 사뒀던 애들 없냐???[3]\n']| |['152', '366', '36', '132', '39', '123', '202', '156', '59', '68', '83', '77', '167', '124', '83', '58', '220', '62', '169', '81', '51', '69', '385', '257', '55', '24', '70', '177', '427', '26', '143', '202', '84', '31', '57', '67', '815', '68', '188', '55', '81', '230', '167', '273', '195']| |['0', '0', '0', '0', '0', '0', '0', '0', '0', '0', '0', '0', '0', '0', '10', '0', '0', '0', '0', '0', '0', '0', '0', '0', '0', '0', '0', '0', '0', '0', '0', '0', '0', '0', '0', '0', '1', '1', '0', '0', '0', '0', '0', '0', '0']| |['2018.01.12 16:33:52', '2018.01.12 16:33:53', '2018.01.12 16:33:51', '2018.01.12 16:33:47', '2018.01.12 16:33:47', '2018.01.12 16:33:44', '2018.01.12 16:33:44', '2018.01.12 16:33:43', '2018.01.12 16:33:43', '2018.01.12 16:33:43', '2018.01.12 16:33:36', '2018.01.12 16:33:36', '2018.01.12 16:33:34', '2018.01.12 16:33:35', '2018.01.12 16:33:33', '2018.01.12 16:33:31', '2018.01.12 16:33:29', '2018.01.12 16:33:29', '2018.01.12 16:33:28', '2018.01.12 16:33:28', '2018.01.12 16:33:25', '2018.01.12 16:33:24', '2018.01.12 16:33:23', '2018.01.12 16:33:21', '2018.01.12 16:33:21', '2018.01.12 16:33:20', '2018.01.12 16:33:20', '2018.01.12 16:33:19', '2018.01.12 16:33:19', '2018.01.12 16:33:18', '2018.01.12 16:33:17', '2018.01.12 16:33:15', '2018.01.12 16:33:14', '2018.01.12 16:33:14', '2018.01.12 16:33:13', '2018.01.12 16:33:10', '2018.01.12 16:33:08', '2018.01.12 16:33:08', '2018.01.12 16:33:05', '2018.01.12 16:33:04', '2018.01.12 16:33:05', '2018.01.12 16:33:04', '2018.01.12 16:33:01', '2018.01.12 16:33:00', '2018.01.12 16:33:01']|
|['3535718', '3535716', '3535715', '3535714', '3535713', '3535712', '3535711', '3535710', '3535709', '3535708', '3535707', '3535706', '3535704', '3535703', '3535701', '3535700', '3535699', '3535698', '3535696', '3535694', '3535692', '3535691', '3535690', '3535689', '3535688', '3535687', '3535686', '3535685', '3535684', '3535683', '3535682', '3535681', '3535680', '3535679', '3535678', '3535677', '3535676', '3535674', '3535673', '3535672', '3535671', '3535670', '3535668', '3535667', '3535666']| |['2013년 쯤 부터 비트코인 사뒀던 애들 없냐???[3]\n', '난 리플 2956 손절함 2400간다 빨리 내려라[2]\n', '응 떡락이야 ^^\n', '아이젝 이새1끼뭐야 ㅅㅂ[1]\n', '개멍청한 빗갤러새끼들은 오늘도 징징^^\n', '스텔라 시체교환식 오졌다\n', '킹갓 이더리움 지금타라 호재다[2]\n', '신한 다음으로 우리 광주 농협 까지 차단이래 씻팔[3]\n', '존버가 답이였어 ㅠㅠ\n', '대피하라!!!!대피하라!!!\n', '나는 똥꼬충이다 3번 외치면\n', '개개종목을 보지말고 코인판 전체를 보세요\n', '바보들아, 신규 풀리고 들어올래?\n', '스텔라 지금 드가면 고점각이지??[1]\n', '튀어라 ㅋㅋㅋㅋㅋㅋㅋㅋㅋㅋ 출금 차단이다 ㅋㅋㅋㅋㅋㅋㅋㅋㅋㅋㅋㅋㅋㅋㅋㅋㅋ[5]\n', '리플 2350에 탔다 3000 가즈아ㅏㅏㅏㅏ \n', '언플에 놀아나지좀마\n', '비트코인 상황.jpg[2]\n', '떡락거리는븅신들은 뭐하는애들이냐[1]\n', '이오스? 뭐냐?[1]\n', '리플 해외 상승 중 2.09회복[1]\n', '★필독! 똥텀 퀀텀 이오스 왜 출발 안하는줄 알아?\n', '슨텔라 천층뚫고 숨쉬는새기 대단하네ㅋㅋ\n', '조정장이다 디지털노트 빨리주워라 ~~~~~~~~~~\n', '민주당의 민주는 사회 민주주의의 민주라는게 맞음?[2]\n', '이오스 만칠천 십가능?\n', 'ㅋㅋㅋㅋㅋㅋㅋㅋㅋㅋㅋㅋㅋㅋㅋ해외 이오스 빤스런 속도 ㅋㅋㅋㅋㅋㅋㅋ\n', '진짜 입금 전면차단이네 ㅋㅋㅋㅋ 튀어라 ㅋㅋㅋㅋㅋ[1]\n', '쫄보들 낚시기사에 낚여서\n', '구제좀 진짜 하라는거 다할게..[1]\n', '이오스 세력들은봐라.\n', '돈없어서 만원바께 못줌[12]\n', '아이젝코인은 뭐냐  ;\n', '진짜 지금 마지막 기회였다 어서 뛰어내려라...[2]\n', '어제 공포때 이오스,리플 풀매때린놈들은[1]\n', '지옥가즈아ㅋㅋㅋㅋㄱㅋ\n', '뭐에 홀린 것 같다. 도와줘라. 은혜 갚을게.[2]\n', '안심했더니 금요일 공무원 퇴근하기 직전에 발표하고 항의전화안받을 각..\n', '이더리움 20층 방문계획일자\n', '이오스 지금 사면 좆된다고 병신들아 조금만 이득보고 다 빠져[3]\n', '거 ㅅㅂ 내걱정은 나만합시다\n', '진짜 병신같네 시발\n', '이오스에 물려버렸다\n', '내가 빗갤 눈팅하면서 봤는데 떡락온다고 기사올리는놈들 저점먹을려는선동충이\n', '난 리플 2956 손절함 2400간다 빨리 내려라\n']| |['195', '76', '37', '231', '57', '121', '221', '270', '181', '70', '35', '115', '81', '143', '543', '92', '150', '633', '58', '197', '122', '312', '110', '68', '35', '75', '121', '376', '57', '46', '93', '221', '258', '127', '407', '29', '132', '138', '100', '180', '238', '118', '57', '78', '126']| |['0', '0', '0', '0', '0', '0', '0', '1', '0', '0', '0', '1', '0', '0', '0', '0', '0', '0', '0', '0', '0', '2', '0', '0', '0', '0', '0', '0', '0', '0', '0', '10', '0', '0', '0', '0', '0', '0', '0', '0', '0', '0', '0', '1', '0']| |['2018.01.12 16:33:01', '2018.01.12 16:33:01', '2018.01.12 16:33:01', '2018.01.12 16:32:55', '2018.01.12 16:32:55', '2018.01.12 16:32:54', '2018.01.12 16:32:53', '2018.01.12 16:32:51', '2018.01.12 16:32:49', '2018.01.12 16:32:49', '2018.01.12 16:32:48', '2018.01.12 16:32:48', '2018.01.12 16:32:46', '2018.01.12 16:32:46', '2018.01.12 16:32:44', '2018.01.12 16:32:38', '2018.01.12 16:32:37', '2018.01.12 16:32:36', '2018.01.12 16:32:33', '2018.01.12 16:32:32', '2018.01.12 16:32:28', '2018.01.12 16:32:27', '2018.01.12 16:32:26', '2018.01.12 16:32:26', '2018.01.12 16:32:23', '2018.01.12 16:32:23', '2018.01.12 16:32:24', '2018.01.12 16:32:23', '2018.01.12 16:32:22', '2018.01.12 16:32:22', '2018.01.12 16:32:20', '2018.01.12 16:32:16', '2018.01.12 16:32:16', '2018.01.12 16:32:16', '2018.01.12 16:32:14', '2018.01.12 16:32:14', '2018.01.12 16:32:13', '2018.01.12 16:32:09', '2018.01.12 16:32:09', '2018.01.12 16:32:07', '2018.01.12 16:32:03', '2018.01.12 16:32:04', '2018.01.12 16:32:03', '2018.01.12 16:32:00', '2018.01.12 16:32:00']|
